{
  "type": "menu",
  "currency": "$",
  "products": [
	{
		"title": "Новости",
		"text": "Инди-видеоигра, шутер от первого лица, разработанная Superhot Team. Игровой процесс построен на стандартной для шутеров от первого лица механике, в которых игрок сражается с врагами используя оружие и подручные предметы, однако время в игре движется.",
		"desc": "Инди-видеоигра, шутер от первого лица, разработанная Superhot Team. Игровой процесс построен на стандартной для шутеров от первого лица механике, в которых игрок сражается с врагами используя оружие и подручные предметы, однако время в игре движется.",
		"href": "https://www.youtube.com/watch?v=RguCQPnb_c0",
		"img": "http://cdn3.sbnation.com/entry_photo_images/8975949/superhot640_large_large.jpg"
	},
	{
		"title": "SUPER HOT #3",
		"text": "Инди-видеоигра, шутер от первого лица, разработанная Superhot Team. Игровой процесс построен на стандартной для шутеров от первого лица механике, в которых игрок сражается с врагами используя оружие и подручные предметы, однако время в игре движется.",
		"desc": "Инди-видеоигра, шутер от первого лица, разработанная Superhot Team. Игровой процесс построен на стандартной для шутеров от первого лица механике, в которых игрок сражается с врагами используя оружие и подручные предметы, однако время в игре движется.",
		"href": "https://www.youtube.com/watch?v=RguCQPnb_c0",
		"img": "http://cdn3.sbnation.com/entry_photo_images/8975949/superhot640_large_large.jpg"
	},
	{
		"title": "GTA Online - Задания",
		"text": "Инди-видеоигра, шутер от первого лица, разработанная Superhot Team. Игровой процесс построен на стандартной для шутеров от первого лица механике, в которых игрок сражается с врагами используя оружие и подручные предметы, однако время в игре движется.",
		"desc": "Инди-видеоигра, шутер от первого лица, разработанная Superhot Team. Игровой процесс построен на стандартной для шутеров от первого лица механике, в которых игрок сражается с врагами используя оружие и подручные предметы, однако время в игре движется.",
		"href": "https://www.youtube.com/watch?v=RguCQPnb_c0",
		"img": "http://cdn3.sbnation.com/entry_photo_images/8975949/superhot640_large_large.jpg"
	},
	{
		"title": "GTA Online - Задания",
		"text": "Инди-видеоигра, шутер от первого лица, разработанная Superhot Team. Игровой процесс построен на стандартной для шутеров от первого лица механике, в которых игрок сражается с врагами используя оружие и подручные предметы, однако время в игре движется.",
		"desc": "Инди-видеоигра, шутер от первого лица, разработанная Superhot Team. Игровой процесс построен на стандартной для шутеров от первого лица механике, в которых игрок сражается с врагами используя оружие и подручные предметы, однако время в игре движется.",
		"href": "https://www.youtube.com/watch?v=RguCQPnb_c0",
		"img": "http://cdn3.sbnation.com/entry_photo_images/8975949/superhot640_large_large.jpg"
	},
	{
		"title": "GTA Online - Задания",
		"text": "Инди-видеоигра, шутер от первого лица, разработанная Superhot Team. Игровой процесс построен на стандартной для шутеров от первого лица механике, в которых игрок сражается с врагами используя оружие и подручные предметы, однако время в игре движется.",
		"desc": "Инди-видеоигра, шутер от первого лица, разработанная Superhot Team. Игровой процесс построен на стандартной для шутеров от первого лица механике, в которых игрок сражается с врагами используя оружие и подручные предметы, однако время в игре движется.",
		"href": "https://www.youtube.com/watch?v=RguCQPnb_c0",
		"img": "http://cdn3.sbnation.com/entry_photo_images/8975949/superhot640_large_large.jpg"
	},
	{
		"title": "Последний",
		"text": "Инди-видеоигра, шутер от первого лица, разработанная Superhot Team. Игровой процесс построен на стандартной для шутеров от первого лица механике, в которых игрок сражается с врагами используя оружие и подручные предметы, однако время в игре движется.",
		"desc": "Инди-видеоигра, шутер от первого лица, разработанная Superhot Team. Игровой процесс построен на стандартной для шутеров от первого лица механике, в которых игрок сражается с врагами используя оружие и подручные предметы, однако время в игре движется.",
		"href": "https://www.youtube.com/watch?v=RguCQPnb_c0",
		"img": "http://cdn3.sbnation.com/entry_photo_images/8975949/superhot640_large_large.jpg"
	},
	{
		"title": "Проблемы",
		"text": "Инди-видеоигра, шутер от первого лица, разработанная Superhot Team. Игровой процесс построен на стандартной для шутеров от первого лица механике, в которых игрок сражается с врагами используя оружие и подручные предметы, однако время в игре движется.",
		"desc": "Инди-видеоигра, шутер от первого лица, разработанная Superhot Team. Игровой процесс построен на стандартной для шутеров от первого лица механике, в которых игрок сражается с врагами используя оружие и подручные предметы, однако время в игре движется.",
		"href": "https://www.youtube.com/watch?v=RguCQPnb_c0",
		"img": "http://cdn3.sbnation.com/entry_photo_images/8975949/superhot640_large_large.jpg"
	},
	{
		"title": "SUPER HOT #3 - Северная",
		"text": "Инди-видеоигра, шутер от первого лица, разработанная Superhot Team. Игровой процесс построен на стандартной для шутеров от первого лица механике, в которых игрок сражается с врагами используя оружие и подручные предметы, однако время в игре движется.",
		"desc": "Инди-видеоигра, шутер от первого лица, разработанная Superhot Team. Игровой процесс построен на стандартной для шутеров от первого лица механике, в которых игрок сражается с врагами используя оружие и подручные предметы, однако время в игре движется.",
		"href": "https://www.youtube.com/watch?v=RguCQPnb_c0",
		"img": "http://cdn3.sbnation.com/entry_photo_images/8975949/superhot640_large_large.jpg"
	},
	{
		"title": "GTA Online - Задания",
		"text": "Инди-видеоигра, шутер от первого лица, разработанная Superhot Team. Игровой процесс построен на стандартной для шутеров от первого лица механике, в которых игрок сражается с врагами используя оружие и подручные предметы, однако время в игре движется.",
		"desc": "Инди-видеоигра, шутер от первого лица, разработанная Superhot Team. Игровой процесс построен на стандартной для шутеров от первого лица механике, в которых игрок сражается с врагами используя оружие и подручные предметы, однако время в игре движется.",
		"href": "https://www.youtube.com/watch?v=RguCQPnb_c0",
		"img": "http://cdn3.sbnation.com/entry_photo_images/8975949/superhot640_large_large.jpg"
	},
	{
		"title": "GTA Online - Задания",
		"text": "Инди-видеоигра, шутер от первого лица, разработанная Superhot Team. Игровой процесс построен на стандартной для шутеров от первого лица механике, в которых игрок сражается с врагами используя оружие и подручные предметы, однако время в игре движется.",
		"desc": "Инди-видеоигра, шутер от первого лица, разработанная Superhot Team. Игровой процесс построен на стандартной для шутеров от первого лица механике, в которых игрок сражается с врагами используя оружие и подручные предметы, однако время в игре движется.",
		"href": "https://www.youtube.com/watch?v=RguCQPnb_c0",
		"img": "http://cdn3.sbnation.com/entry_photo_images/8975949/superhot640_large_large.jpg"
	},
	{
		"title": "GTA Online - Задания",
		"text": "Инди-видеоигра, шутер от первого лица, разработанная Superhot Team. Игровой процесс построен на стандартной для шутеров от первого лица механике, в которых игрок сражается с врагами используя оружие и подручные предметы, однако время в игре движется.",
		"desc": "Инди-видеоигра, шутер от первого лица, разработанная Superhot Team. Игровой процесс построен на стандартной для шутеров от первого лица механике, в которых игрок сражается с врагами используя оружие и подручные предметы, однако время в игре движется.",
		"href": "https://www.youtube.com/watch?v=RguCQPnb_c0",
		"img": "http://cdn3.sbnation.com/entry_photo_images/8975949/superhot640_large_large.jpg"
	},
	{
		"title": "Новости",
		"text": "Инди-видеоигра, шутер от первого лица, разработанная Superhot Team. Игровой процесс построен на стандартной для шутеров от первого лица механике, в которых игрок сражается с врагами используя оружие и подручные предметы, однако время в игре движется.",
		"desc": "Инди-видеоигра, шутер от первого лица, разработанная Superhot Team. Игровой процесс построен на стандартной для шутеров от первого лица механике, в которых игрок сражается с врагами используя оружие и подручные предметы, однако время в игре движется.",
		"href": "https://www.youtube.com/watch?v=RguCQPnb_c0",
		"img": "http://cdn3.sbnation.com/entry_photo_images/8975949/superhot640_large_large.jpg"
	},
	{
		"title": "SUPER HOT #3 - Северная",
		"text": "Инди-видеоигра, шутер от первого лица, разработанная Superhot Team. Игровой процесс построен на стандартной для шутеров от первого лица механике, в которых игрок сражается с врагами используя оружие и подручные предметы, однако время в игре движется.",
		"desc": "Инди-видеоигра, шутер от первого лица, разработанная Superhot Team. Игровой процесс построен на стандартной для шутеров от первого лица механике, в которых игрок сражается с врагами используя оружие и подручные предметы, однако время в игре движется.",
		"href": "https://www.youtube.com/watch?v=RguCQPnb_c0",
		"img": "http://cdn3.sbnation.com/entry_photo_images/8975949/superhot640_large_large.jpg"
	},
	{
		"title": "GTA Online - Задания",
		"text": "Инди-видеоигра, шутер от первого лица, разработанная Superhot Team. Игровой процесс построен на стандартной для шутеров от первого лица механике, в которых игрок сражается с врагами используя оружие и подручные предметы, однако время в игре движется.",
		"desc": "Инди-видеоигра, шутер от первого лица, разработанная Superhot Team. Игровой процесс построен на стандартной для шутеров от первого лица механике, в которых игрок сражается с врагами используя оружие и подручные предметы, однако время в игре движется.",
		"href": "https://www.youtube.com/watch?v=RguCQPnb_c0",
		"img": "http://cdn3.sbnation.com/entry_photo_images/8975949/superhot640_large_large.jpg"
	},
	{
		"title": "GTA Online - Задания",
		"text": "Инди-видеоигра, шутер от первого лица, разработанная Superhot Team. Игровой процесс построен на стандартной для шутеров от первого лица механике, в которых игрок сражается с врагами используя оружие и подручные предметы, однако время в игре движется.",
		"desc": "Инди-видеоигра, шутер от первого лица, разработанная Superhot Team. Игровой процесс построен на стандартной для шутеров от первого лица механике, в которых игрок сражается с врагами используя оружие и подручные предметы, однако время в игре движется.",
		"href": "https://www.youtube.com/watch?v=RguCQPnb_c0",
		"img": "http://cdn3.sbnation.com/entry_photo_images/8975949/superhot640_large_large.jpg"
	},
	{
		"title": "GTA Online - Задания",
		"text": "Инди-видеоигра, шутер от первого лица, разработанная Superhot Team. Игровой процесс построен на стандартной для шутеров от первого лица механике, в которых игрок сражается с врагами используя оружие и подручные предметы, однако время в игре движется.",
		"desc": "Инди-видеоигра, шутер от первого лица, разработанная Superhot Team. Игровой процесс построен на стандартной для шутеров от первого лица механике, в которых игрок сражается с врагами используя оружие и подручные предметы, однако время в игре движется.",
		"href": "https://www.youtube.com/watch?v=RguCQPnb_c0",
		"img": "http://cdn3.sbnation.com/entry_photo_images/8975949/superhot640_large_large.jpg"
	},
	{
		"title": "Последний",
		"text": "Инди-видеоигра, шутер от первого лица, разработанная Superhot Team. Игровой процесс построен на стандартной для шутеров от первого лица механике, в которых игрок сражается с врагами используя оружие и подручные предметы, однако время в игре движется.",
		"desc": "Инди-видеоигра, шутер от первого лица, разработанная Superhot Team. Игровой процесс построен на стандартной для шутеров от первого лица механике, в которых игрок сражается с врагами используя оружие и подручные предметы, однако время в игре движется.",
		"href": "https://www.youtube.com/watch?v=RguCQPnb_c0",
		"img": "http://cdn3.sbnation.com/entry_photo_images/8975949/superhot640_large_large.jpg"
	},
	{
		"title": "Проблемы",
		"text": "Инди-видеоигра, шутер от первого лица, разработанная Superhot Team. Игровой процесс построен на стандартной для шутеров от первого лица механике, в которых игрок сражается с врагами используя оружие и подручные предметы, однако время в игре движется.",
		"desc": "Инди-видеоигра, шутер от первого лица, разработанная Superhot Team. Игровой процесс построен на стандартной для шутеров от первого лица механике, в которых игрок сражается с врагами используя оружие и подручные предметы, однако время в игре движется.",
		"href": "https://www.youtube.com/watch?v=RguCQPnb_c0",
		"img": "http://cdn3.sbnation.com/entry_photo_images/8975949/superhot640_large_large.jpg"
	},
	{
		"title": "SUPER HOT #3 - Северная",
		"text": "Инди-видеоигра, шутер от первого лица, разработанная Superhot Team. Игровой процесс построен на стандартной для шутеров от первого лица механике, в которых игрок сражается с врагами используя оружие и подручные предметы, однако время в игре движется.",
		"desc": "Инди-видеоигра, шутер от первого лица, разработанная Superhot Team. Игровой процесс построен на стандартной для шутеров от первого лица механике, в которых игрок сражается с врагами используя оружие и подручные предметы, однако время в игре движется.",
		"href": "https://www.youtube.com/watch?v=RguCQPnb_c0",
		"img": "http://cdn3.sbnation.com/entry_photo_images/8975949/superhot640_large_large.jpg"
	},
	{
		"title": "GTA Online - Задания",
		"text": "Инди-видеоигра, шутер от первого лица, разработанная Superhot Team. Игровой процесс построен на стандартной для шутеров от первого лица механике, в которых игрок сражается с врагами используя оружие и подручные предметы, однако время в игре движется.",
		"desc": "Инди-видеоигра, шутер от первого лица, разработанная Superhot Team. Игровой процесс построен на стандартной для шутеров от первого лица механике, в которых игрок сражается с врагами используя оружие и подручные предметы, однако время в игре движется.",
		"href": "https://www.youtube.com/watch?v=RguCQPnb_c0",
		"img": "http://cdn3.sbnation.com/entry_photo_images/8975949/superhot640_large_large.jpg"
	},
	{
		"title": "GTA Online - Задания",
		"text": "Инди-видеоигра, шутер от первого лица, разработанная Superhot Team. Игровой процесс построен на стандартной для шутеров от первого лица механике, в которых игрок сражается с врагами используя оружие и подручные предметы, однако время в игре движется.",
		"desc": "Инди-видеоигра, шутер от первого лица, разработанная Superhot Team. Игровой процесс построен на стандартной для шутеров от первого лица механике, в которых игрок сражается с врагами используя оружие и подручные предметы, однако время в игре движется.",
		"href": "https://www.youtube.com/watch?v=RguCQPnb_c0",
		"img": "http://cdn3.sbnation.com/entry_photo_images/8975949/superhot640_large_large.jpg"
	},
	{
		"title": "GTA Online - Задания",
		"text": "Инди-видеоигра, шутер от первого лица, разработанная Superhot Team. Игровой процесс построен на стандартной для шутеров от первого лица механике, в которых игрок сражается с врагами используя оружие и подручные предметы, однако время в игре движется.",
		"desc": "Инди-видеоигра, шутер от первого лица, разработанная Superhot Team. Игровой процесс построен на стандартной для шутеров от первого лица механике, в которых игрок сражается с врагами используя оружие и подручные предметы, однако время в игре движется.",
		"href": "https://www.youtube.com/watch?v=RguCQPnb_c0",
		"img": "http://cdn3.sbnation.com/entry_photo_images/8975949/superhot640_large_large.jpg"
	}
]
}