[
{
    "name": "Variant",
    "ram": "600 X 650 X 930 X 950 X 1200",
    "ku": "35.9 дБ",
    "mask": "4.0 кг",
    "fr": "300 мм",
    "logo": "Висат",
    "sr": "1 шт.",
    "sk": "1 шт.",
    "k": "1 шт.",
    "money1": "290 ГРН X 350 ГРН X 440 ГРН X 470 ГРН X 890 ГРН",
    "money2": "11 USD X 13.3 USD X 16.7 USD X 17.8 USD X 33.8 USD",
    "money3": "9.9 EUR X 12 EUR X 15 EUR X 16 EUR X 33.3 EUR",
    "img": "images/anten.gif"
},
{
    "name": "Triax",
    "ram": "640 X 780 X 880 X 1100",
    "ku": "35.9 дБ",
    "mask": "4.0 кг",
    "fr": "300 мм",
    "logo": "Висат",
    "sr": "1 шт.",
    "sk": "1 шт.",
    "k": "1 шт.",
    "money1": "650 ГРН X 795 ГРН X 1100 ГРН X 1600 ГРН",
    "money2": "24.6 USD X 30.2 USD X 41.7 USD X 60.7 USD",
    "money3": "22.2 EUR X 27.1 EUR X 37.5 EUR X 54.5 EUR",
    "img": "images/anten.gif"
}
]