[
{
    "img1": "http://television.in.ua/images/tv-channels1/1tv_ua_natsionalnyi.gif", 
    "name1": "Первый Национальный",
    "img2": "http://television.in.ua/images/tv-channels1/gamma_telekanal.gif", 
    "name2": "Gamma TV",
    "img3": "http://television.in.ua/images/tv-channels1/ru_tv.gif", 
    "name3": "RU TV",
    "img4": "http://television.in.ua/images/tv-channels1/1plus1.gif", 
    "name4": "1+1",
    "img5": "http://television.in.ua/images/tv-channels1/citi_tv.gif", 
    "name5": "Сити",
    "img6": "http://tarelka.in.ua/images/kanali_3/shanson.gif", 
    "name6": "ТВ шансон",
    "img7": "http://tarelka.in.ua/images/kanali_3/2_plus_2.gif", 
    "name7": "2+2 Cinema"
},
{
    "img1": "http://tarelka.in.ua/images/kanali_3/tet.gif", 
    "name1": "ТЕТ",
    "img2": "http://television.in.ua/images/tv-channels1/perviy_1_kanal.gif", 
    "name2": "Первый канал всемирная сеть",
    "img3": "http://television.in.ua/images/tv-channels1/inter_ua.gif", 
    "name3": "Интер",
    "img4": "http://television.in.ua/images/tv-channels1/trk_kiew.gif", 
    "name4": "ТРК Киев",
    "img5": "http://television.in.ua/images/tv-channels1/rtr_planeta.gif", 
    "name5": "РТР Планета Балтика",
    "img6": "http://television.in.ua/images/tv-channels1/inter_plus_ua.gif", 
    "name6": "Интер+",
    "img7": "http://tarelka.in.ua/images/kanali_3/tvi.gif", 
    "name7": "TVi"
},
{
    "img1": "http://television.in.ua/images/tv-channels1/rtr_planeta.gif", 
    "name1": "РТР Планета",
    "img2": "http://tarelka.in.ua/images/kanali_3/ictv.gif", 
    "name2": "ICTV",
    "img3": "http://tarelka.in.ua/images/kanali_3/zik.gif", 
    "name3": "ZIK TV",
    "img4": "http://television.in.ua/images/tv-channels1/vesti.gif", 
    "name4": "Вести",
    "img5": "http://television.in.ua/images/tv-channels1/novykanal.gif", 
    "name5": "Новый",
    "img6": "http://television.in.ua/images/tv-channels1/trk_osk_ok.gif", 
    "name6": "OСK Одесса",
    "img7": "http://tarelka.in.ua/images/kanali_3/tvc.gif", 
    "name7": "ТВ Центр международный"
},
{
    "img1": "http://television.in.ua/images/tv-channels1/stb.gif", 
    "name1": "СТБ",
    "img2": "http://tarelka.in.ua/images/kanali_3/kuj.gif", 
    "name2": "Куй ТВ",
    "img3": "http://television.in.ua/images/tv-channels1/r1.gif", 
    "name3": "Русский первый",
    "img4": "http://television.in.ua/images/tv-channels1/ntn_ru.gif", 
    "name4": "НТН",
    "img5": "http://television.in.ua/images/tv-channels1/gumor.gif", 
    "name5": "Гумор ТВ",
    "img6": "http://television.in.ua/images/tv-channels1/rbc.gif", 
    "name6": "РБК",
    "img7": "http://tarelka.in.ua/images/kanali_3/enter_film.gif", 
    "name7": "Enter Фильм"
},
{
    "img1": "http://tarelka.in.ua/images/kanali_3/tisa.gif", 
    "name1": "Тиса 1",
    "img2": "http://tarelka.in.ua/images/kanali_3/cnl.gif", 
    "name2": "CNL",
    "img3": "http://television.in.ua/images/tv-channels1/tonis.gif", 
    "name3": "Тонис",
    "img4": "http://television.in.ua/images/tv-channels1/real_estate_tv_ua.gif", 
    "name4": "Real Estate TV",
    "img5": "http://tarelka.in.ua/images/kanali_3/romantica.gif", 
    "name5": "Романтика",
    "img6": "http://television.in.ua/images/tv-channels1/k1.gif", 
    "name6": "К1",
    "img7": "http://tarelka.in.ua/images/kanali_3/impact.gif", 
    "name7": "Impact TV"
},
{
    "img1": "http://television.in.ua/images/tv-channels1/tbn_russia.gif", 
    "name1": "ТБН Россия",
    "img2": "http://television.in.ua/images/tv-channels1/k2.gif", 
    "name2": "К2",
    "img3": "http://television.in.ua/images/tv-channels1/krt_kievskaya_rus_tv.gif", 
    "name3": "Киевская Русь",
    "img4": "http://television.in.ua/images/tv-channels1/lider_tv.gif", 
    "name4": "Lider TV",
    "img5": "http://television.in.ua/images/tv-channels1/mtv_ua.gif", 
    "name5": "MTV Ukraine",
    "img6": "http://television.in.ua/images/tv-channels1/glas_ua.gif", 
    "name6": "Глас",
    "img7": "http://television.in.ua/images/tv-channels1/belsat_tv.gif", 
    "name7": "Белсат"
},
{
    "img1": "http://tarelka.in.ua/images/kanali_3/mega.gif", 
    "name1": "Mega",
    "img2": "http://tarelka.in.ua/images/kanali_3/hockey.gif", 
    "name2": "Хоккей (Украина)",
    "img3": "http://television.in.ua/images/tv-channels1/k_plus.gif", 
    "name3": "К+",
    "img4": "http://tarelka.in.ua/images/kanali_3/mezzo.gif", 
    "name4": "MEZZO (классика)",
    "img5": "http://tarelka.in.ua/images/kanali_3/menu.gif", 
    "name5": "Меню ТВ",
    "img6": "http://television.in.ua/images/tv-channels1/russia_today_tv.gif", 
    "name6": "Russia Today",
    "img7": "http://television.in.ua/images/tv-channels1/kanal5_ua.gif", 
    "name7": "5 канал"
},
{
    "img1": "http://television.in.ua/images/tv-channels1/english_club_tv.gif", 
    "name1": "Піксель",
    "img2": "http://television.in.ua/images/tv-channels1/euronews.gif", 
    "name2": "Euronews",
    "img3": "http://television.in.ua/images/tv-channels1/rada_parlamentskiy_telekana.gif", 
    "name3": "Рада",
    "img4": "http://tarelka.in.ua/images/kanali_3/pogoda.gif", 
    "name4": "Погода",
    "img5": "http://television.in.ua/images/tv-channels1/ulibka_reb.gif", 
    "name5": "Улыбка ребенка",
    "img6": "http://tarelka.in.ua/images/kanali_3/unian.gif", 
    "name6": "Униан",
    "img7": "http://tarelka.in.ua/images/kanali_3/trk_ukraina.gif", 
    "name7": "ТРК Україна"
},
{
    "img1": "http://television.in.ua/images/tv-channels1/news24_ua.gif", 
    "name1": "News 24",
    "img2": "http://television.in.ua/images/tv-channels1/ubr.gif", 
    "name2": "UBR",
    "img3": "http://television.in.ua/images/tv-channels1/ubc_ua.gif", 
    "name3": "УБК",
    "img4": "http://television.in.ua/images/tv-channels1/pershiy_diloviy_tv1.gif", 
    "name4": "Первый Деловой",
    "img5": "http://television.in.ua/images/tv-channels1/star_tv_ua.gif", 
    "name5": "Star TV Ukraine",
    "img6": "http://television.in.ua/images/tv-channels1/m1_ua.gif", 
    "name6": "М1",
    "img7": "http://television.in.ua/images/tv-channels1/m2_ua.gif", 
    "name7": "М2 Эстрада"
},
{
    "img1": "http://television.in.ua/images/tv-channels1/enter_music_tv.gif", 
    "name1": "Enter music",
    "img2": "http://television.in.ua/images/tv-channels1/otv.gif", 
    "name2": "OTV",
    "img3": "http://television.in.ua/images/tv-channels1/musicbox_ru.gif", 
    "name3": "Music Box Ru",
    "img4": "http://television.in.ua/images/tv-channels1/perviy_muzykalnyi_telekanal.gif", 
    "name4": "1st Baltic music",
    "img5": "http://television.in.ua/images/tv-channels1/perviy_muzykalnyi_telekanal.gif", 
    "name5": "1st Baltic music",
    "img6": "http://television.in.ua/images/tv-channels1/perviy_muzykalnyi_telekanal.gif", 
    "name6": "1st Baltic music",
    "img7": "http://television.in.ua/images/tv-channels1/perviy_muzykalnyi_telekanal.gif", 
    "name7": "1st Baltic music"
}
]