[
{
    "name": "OSG-12H1",
    "inform": "Автоперезапуск, VLED дисплей, уровень шума.",
    "money1": "5830 ГРН",
    "money2": "220.9 USD",
    "money3": "198.5 EUR",
    "img": "images/kond.jpg"
},
{
    "name": "MSH-12ARDN1+PTC, R410",
    "inform": "Toshiba/Matsushita, инвертор, R410+ ТЭН во внутренем блоке.",
    "money1": "9540 ГРН",
    "money2": "361.5 USD",
    "money3": "324.8 EUR",
    "img": "images/kond.jpg"
},
{
    "name": "MSV1-12HRDN1, R410",
    "inform": "Toshiba/Matsushita, инвертор, R410.",
    "money1": "10335 ГРН",
    "money2": "391.6 USD",
    "money3": "351.9 EUR",
    "img": "images/kond.jpg"
},
{
    "name": "CH-S07 RX4",
    "inform": "Класс А, показатели EER -3, 3 COP -3, 7, тихий 24 дБ, компактный Hi-tech дизайн, фильтр Eco-fresh.",
    "money1": "6758 ГРН",
    "money2": "256.1 USD",
    "money3": "230.1 EUR",
    "img": "images/kond.jpg"
},
{
    "name": "CH-S18 LHR2",
    "inform": "Класс А, показатели EER -3, 3 COP -3, 7, тихий 24 дБ, компактный Hi-tech дизайн, фильтр Eco-fresh.",
    "money1": "11925 ГРН",
    "money2": "451.9 USD",
    "money3": "406 EUR",
    "img": "images/kond.jpg"
},
{
    "name": "CH-S12PL/R",
    "inform": "Холодная плазма, матовый пластик передней панели.",
    "money1": "8480 ГРН",
    "money2": "321.3 USD",
    "money3": "288.7 EUR",
    "img": "images/kond.jpg"
},
{
    "name": "CH-S12FTXG,  Inverter, R410",
    "inform": "Технология инверторов от DAIKIN. Модели постовляемые в Японию и Европу под брендом Daikin.",
    "money1": "13118 ГРН.",
    "money2": "497.1 USD.",
    "money3": "446.6 EUR.",
    "img": "images/kond.jpg"
},
{
    "name": "SATURN CT-09CP моб.",
    "inform": "Холод-тепло, автозапуск, фреон R22",
    "money1": "6334 ГРН",
    "money2": "240 USD",
    "money3": "215.7 EUR",
    "img": "images/kond.jpg"
},
{
    "name": "LG G-12LHT",
    "inform": "Холод-тепло, автозапуск, фреон R22",
    "money1": "9275 ГРН",
    "money2": "351.5 USD",
    "money3": "315.8 EUR",
    "img": "images/kond.jpg"
},
{
    "name": "S07LHQ/S07LHQ-U",
    "inform": "Технологический монтаж, автоматическая очитка. Режимы: форсованое охлаждение Jeo Cool. Фильтры: Neo Plasma Plus, антиаллергичный, троеное проветривание. Производство: Корея.",
    "money1": "6890 ГРН",
    "money2": "261.1 USD",
    "money3": "234.6 EUR",
    "img": "images/kond.jpg"
},
{
    "name": "A09AW1/A09Awq-U",
    "inform": "Трёхсортное распределение воздуха, автоматическая смена режимов, антикоризойное покрытие Gold Fin, автоматическая очистка, технология DC Inverter, низкий уровень шума. Режимы: форсованое охлаждение Jet Cool. Фильтры: Neo Plasma Plus. Производство: Корея.",
    "money1": "18550 ГРН",
    "money2": "702.9 USD",
    "money3": "631.6 EUR",
    "img": "images/kond.jpg"
},
{
    "name": "CS/CU-YW9MKD",
    "inform": "Холод-тепло, антиаллергический антивирусный антибактериальный фильтр, индикатор качества воздуха, фреон R410.",
    "money1": "9275 ГРН.",
    "money2": "351.5 USD.",
    "money3": "315.8 EUR.",
    "img": "images/kond.jpg"
},
{
    "name": "CS/CU-YW12MKD",
    "inform": "Холод-тепло, антиаллергический антивирусный антибактериальный фильтр, индикатор качества воздуха, фреон R410.",
    "money1": "10470 ГРН.",
    "money2": "396.7 USD.",
    "money3": "356.5 EUR.",
    "img": "images/kond.jpg"
},
{
    "name": "RAC-12-T, R410",
    "inform": "Косперссор Toshiba/Matsushita, R410.",
    "money1": "6360 ГРН.",
    "money2": "241 USD.",
    "money3": "216.6 EUR.",
    "img": "images/kond.jpg"
}
]