{
	"video": "http://film/filles/videos/v36.mp4",
	"actorimg": "filles/imagesv/av43.jpg",
	"limg": "filles/imagesv/v36.jpg",
	"slimg1": "filles/imagesv/slv361.jpg",
	"slimg2": "filles/imagesv/slv362.jpg",
	"slimg3": "filles/imagesv/slv363.jpg",
	"slimg4": "filles/imagesv/slv364.jpg",
	"name": "Луна 2112",
	"publish": "Опубликовано: 01.01.2018",
	"desc": "Кто бы мог подумать, что захватывающий фантастический фильм можно снять всего за 33 дня. Речь идет о киноленте «Луна 2112» («Moon»), снятой в 2009 году английским режиссером Дунканом Джонсом. Сам Дункан объясняет это тем, что только благодаря произошедшей во время съемки фильма забастовки сценаристов он получил возможность набрать прекрасных мастеров по спецэффектам и закончить съемки за рекордно быстрое время. Техническая сторона фильма настолько реалистична, что зритель не сможет усомниться в том, что находится на поверхности Луны. И это несмотря на то, что все эти сцены снимались с использованием миниатюрных моделей. По сюжету Сэм проводит три года в абсолютном одиночестве на поверхности другой планеты, следя за работой автоматизированной станции, добывающей газ. Конечно, это не может не отразиться на его характере. И тут вдруг буквально перед своим возвращением домой Сэм встречает… но впрочем это лучше увидеть самим. Очень глубокая картина, заставляющая задуматься о том, что же такое настоящее одиночество. Особо хочется отметить гениальное музыкальное сопровождение, которое заставляет прочувствовать эмоции главного героя.",
	"time": "Длительность: 01:37:08",
	"ltime": "01:37:08",
	"rate": "Рейтинги: IMDb: 7.9 (285 549) Кинопоиск: 7.57 (91 504)",
	"slogan": "Слоган: «Обратная сторона будущего»",
	"relize": "Дата выхода: 23 января 2009 года",
	"country": "Страна: Великобритания",
	"producer": "Duncan Jones","producer2": "","producer3": "",
	"producerz": "","producerz2": "",
	"actor": "Sam Rockwell","actor2": "Kevin Spacey","actor3": "Dominique McElligott","actor4": "Rosie Shaw","actor5": "Adrienne Shaw","actor6": "Kaya Scodelario",
	"actorz": ",","actorz2": ",","actorz3": ",","actorz4": ",","actorz5": ",",
	"cat1": "","cat2": "Фантастика","cat3": "","cat4": "","cat5": "","cat6": "","cat7": "Драмы","cat8": "","cat9": "","cat10": "","cat11": "","cat12": "","cat13": "","cat14": "",
	"zap1": "","zap2": ",","zap3": "","zap4": "","zap5": "","zap6": "","zap7": "","zap8": "","zap9": "","zap10": "","zap11": "","zap12": "","zap13": ""
}