{
	"video": "http://film/filles/videos/v37.mp4",
	"actorimg": "filles/imagesv/av48.jpg",
	"limg": "filles/imagesv/v37.jpg",
	"slimg1": "filles/imagesv/slv371.jpg",
	"slimg2": "filles/imagesv/slv372.jpg",
	"slimg3": "filles/imagesv/slv373.jpg",
	"slimg4": "filles/imagesv/slv374.jpg",
	"name": "Уолл Стрит: Деньги не спят",
	"publish": "Опубликовано: 01.01.2018",
	"desc": "Появление сиквела всегда ожидается с любопытством и некоторой опаской, особенно если оригинал был своего рода эталоном в жанре. Выход «Уолл Стрит: Деньги не спят» (Wall Street: Money Never Sleeps) доказал, что в руках мастера оригинал можно даже превзойти. Мнения могут быть разные, но Оливер Стоун, которого после не очень удачного «Александра» некоторые критики уже списали со счета, показал, что режиссерское кресло занимает по праву. Он не просто сделал крепкий фильм, который «цепляет» зрителя, хотя ориентироваться в мире большого бизнеса и биржевых игрищ нелегко, он учел промахи первого фильма и сделал кадры сиквела более наглядными: графики и диаграммы помогают несведущему в биржевой торговле зрителю понять суть рассуждений финансистов. Словом, это было не робкое возвращение на кинематографический олимп через почти четверть века после выхода первого фильма, а шикарное восхождение на привычное место. Мастерский подбор исполнителей, мастерская работа оператора, динамичный монтаж и уместная ненавязчивая музыка Крэйга Армстронга сделали выход фильма событием. Майкл Дуглас показал всем, что недуг не сломал его, а молодой Шайа ЛаБаф в очередной раз продемонстрировал, что может не теряться в компании даже с кино-тяжеловесами. Кэри Маллиган, у которой уже были номинации на Оскар, несколько перебрала с плаксивостью, но всё равно была хороша. Стоящий фильм, что подтверждено сборами в прокате.",
	"time": "Длительность: 02:07:19",
	"ltime": "02:07:19",
	"rate": "Рейтинги: IMDb: 6.2 (88 054) Кинопоиск: 6.82 (33 164)",
	"slogan": "Слоган: «Деньги не спят»",
	"relize": "Дата выхода: 14 мая 2010 года",
	"country": "Страна: США",
	"producer": "Oliver Stone","producer2": "","producer3": "",
	"producerz": "","producerz2": "",
	"actor": "Michael Douglas","actor2": "Shia LaBeouf","actor3": "Josh Brolin","actor4": "Carey Mulligan","actor5": "Frank Langella","actor6": "Vanessa Ferlito",
	"actorz": ",","actorz2": ",","actorz3": ",","actorz4": ",","actorz5": ",",
	"cat1": "","cat2": "","cat3": "","cat4": "","cat5": "","cat6": "","cat7": "Драмы","cat8": "Мелодрамы","cat9": "","cat10": "","cat11": "","cat12": "","cat13": "","cat14": "",
	"zap1": "","zap2": "","zap3": "","zap4": "","zap5": "","zap6": "","zap7": ",","zap8": "","zap9": "","zap10": "","zap11": "","zap12": "","zap13": ""
}