{
	"video": "http://film/filles/videos/v38.mp4",
	"actorimg": "filles/imagesv/av49.jpg",
	"limg": "filles/imagesv/v38.jpg",
	"slimg1": "filles/imagesv/slv381.jpg",
	"slimg2": "filles/imagesv/slv382.jpg",
	"slimg3": "filles/imagesv/slv383.jpg",
	"slimg4": "filles/imagesv/slv384.jpg",
	"name": "Дитя человеческое",
	"publish": "Опубликовано: 01.01.2018",
	"desc": "«Дитя человеческое» (Children of Men) - снят по мотивам одноименного романа Ф.Д. Джеймса. Недалекое будущее, уже почти два десятка лет на Земле не рождаются дети. Кругом анархия, разруха и паника, планета на грани вымирания. Находящегося в депрессии и отчаянии, бывшего политического активиста Тео Фарона - нанимают некие люди, чтобы он выполнил одно важное задание. Тео должен помочь беженки Ки беспрепятственно покинуть Англию. Это не просто важное задание, на кону судьба всего человечества, ведь Ки - носит в себе последнее человеческое дитя и за ней охотится много людей. «Дитя человеческое» - выделяется на фоне других фантастических фильмов. Великолепная операторская работа, динамичность, спецэффекты, нагнетающая музыка, великолепная игра актеров, создают неповторимую атмосферу, хаоса и обреченности. Фильм был 3 раза номинирован на Оскар, получил десятки других всевозможных наград во всевозможных номинациях, а главное - он получил признание простого зрителя. Фильм смотрится на одном дыхании и дарит зрителю почти два часа переживаний, адреналина и удовольствия.",
	"time": "Длительность: 01:44:19",
	"ltime": "01:44:19",
	"rate": "Рейтинги: IMDb: 7.9 (376 606) Кинопоиск: 7.37 (63 977)",
	"slogan": "Слоган: «Год 2027: Последние дни человеческой расы. За 18 лет не родилось ни одного ребёнка. Он должен защитить нашу последнюю надежду»",
	"relize": "Дата выхода: 3 сентября 2006 года",
	"country": "Страна: США, Великобритания",
	"producer": "Alfonso Cuaron","producer2": "","producer3": "",
	"producerz": "","producerz2": "",
	"actor": "Clive Owen","actor2": "Claire-Hope Ashitey","actor3": "Julianne Moore","actor4": "Michael Caine","actor5": "Charlie Hunnam","actor6": "Chiwetel Ejiofor",
	"actorz": ",","actorz2": ",","actorz3": ",","actorz4": ",","actorz5": ",",
	"cat1": "","cat2": "Фантастика","cat3": "","cat4": "","cat5": "","cat6": "","cat7": "Драмы","cat8": "","cat9": "","cat10": "","cat11": "","cat12": "","cat13": "Триллеры","cat14": "",
	"zap1": "","zap2": ",","zap3": "","zap4": "","zap5": "","zap6": "","zap7": ",","zap8": "","zap9": "","zap10": "","zap11": "","zap12": "","zap13": ""
}