{
	"video": "http://film/filles/videos/v39.mp4",
	"actorimg": "filles/imagesv/av40.jpg",
	"limg": "filles/imagesv/v39.jpg",
	"slimg1": "filles/imagesv/slv391.jpg",
	"slimg2": "filles/imagesv/slv392.jpg",
	"slimg3": "filles/imagesv/slv393.jpg",
	"slimg4": "filles/imagesv/slv394.jpg",
	"name": "Носители",
	"publish": "Опубликовано: 01.01.2018",
	"desc": "Кинофильм «Носители» («Carriers») был создан в 2009 году американскими кинематографистами. Режиссерами фильма стали Алекс и Дэвид Пастор. В кинофильме речь пойдет о том, что страшный вирус вырвался на свободу и в страшных муках заставляет погибать людей. Вирус этот распространяется по воздуху. Четверка друзей осталась в живых лишь благодаря тому, что эта катастрофа настигла их в пути и они не стоят на месте. Им встречается маленькая инфицированная девочка со своим отцом. У них ломается машина и это является причиной того, что дальнейший путь они продолжают уже все вместе. Эпидемия распространяется на весь мир и это приводит к тому, что доверять кому бы то ни было становится не безопасно. Им приходится всячески избегать любого общения. Это захватывающая кинолента, в первую очередь, не о самом вирусе, а о людях, их слабостях и страхах, безысходности сложившейся ситуации. Ярко показаны отношения между двух братьев, которые были, несмотря ни на что, преданными друг другу. Сложно определить жанр этого фильма, ведь в нем присуща и драма, и путешествие, и ужас. Этот шедевр не оставит равнодушным никого.",
	"time": "Длительность: 01:24:19",
	"ltime": "01:24:19",
	"rate": "Рейтинги: IMDb: 6.0 (36 925) Кинопоиск: 6.06 (28 927)",
	"slogan": "Слоган: «Помни: заражен — значит мёртв»",
	"relize": "Дата выхода: 18 августа 2009 года",
	"country": "Страна: США",
	"producer": "David Pastor","producer2": "Alex Pastor","producer3": "",
	"producerz": ",","producerz2": "",
	"actor": "Lou Taylor Pucci","actor2": "Chris Pine","actor3": "Piper Perabo","actor4": "Emily VanCamp","actor5": "Christopher Meloni","actor6": "Kiernan Shipka",
	"actorz": ",","actorz2": ",","actorz3": ",","actorz4": ",","actorz5": ",",
	"cat1": "","cat2": "Фантастика","cat3": "Ужасы","cat4": "","cat5": "","cat6": "","cat7": "Драмы","cat8": "","cat9": "","cat10": "","cat11": "","cat12": "","cat13": "Триллеры","cat14": "",
	"zap1": "","zap2": ",","zap3": ",","zap4": "","zap5": "","zap6": "","zap7": ",","zap8": "","zap9": "","zap10": "","zap11": "","zap12": "","zap13": ""
}