{
	"video": "http://film/filles/videos/v40.mp4",
	"actorimg": "filles/imagesv/av41.jpg",
	"limg": "filles/imagesv/v40.jpg",
	"slimg1": "filles/imagesv/slv401.jpg",
	"slimg2": "filles/imagesv/slv402.jpg",
	"slimg3": "filles/imagesv/slv403.jpg",
	"slimg4": "filles/imagesv/slv404.jpg",
	"name": "Земля вампиров",
	"publish": "Опубликовано: 01.01.2018",
	"desc": "Фильм «Земля вампиров» (Stake Land) нельзя полностью отнести к жанру зомби-хоррор. На фоне постапокалиптических картин растерзанного вампирами мира развивается более глубокий сюжет. Драма развития личности, взросления, выбора между смертью и вечным существованием в виде жаждущего крови безумца. Герои пытаются найти место, куда не добрался бы неизвестный вирус, Нью-Иден, новая колыбель человечества. Разные характеры, судьбы и цели, героев объединяет только безграничное желание выжить. Противостоять приходится не только вполне классическим вампирам, а и некой загадочной организации, фанатичному Братству, которые с помощью новой религии пытаются подчинить всех оставшихся людей. Неугодные наказываются, их скармливают вампирам. А как же могут допустить члены Братства, чтобы люди нашли путь к свободе от вампиров и, заодно, от власти их секты? Существует ли на самом деле волшебный город Нью-Иден, в котором нет необходимости сражаться за каждый день своей жизни? Кто сможет добраться до него и узнать правду, а кому навсегда придется расстаться с идеей мира, а заодно и с жизнью? Правда откроется только тогда, когда «Земля вампиров» останется позади.",
	"time": "Длительность: 01:38:19",
	"ltime": "01:38:19",
	"rate": "Рейтинги: IMDb: 6.5 (33 910) Кинопоиск: 6.12 (9 662)",
	"slogan": "Слоган: «Самое опасное - быть живым»",
	"relize": "Дата выхода: 17 сентября 2010 года",
	"country": "Страна: США",
	"producer": "Jim Mickle","producer2": "","producer3": "",
	"producerz": "","producerz2": "",
	"actor": "Connor Paolo","actor2": "Gregory Jones","actor3": "Traci Hovel","actor4": "Danielle Harris","actor5": "Nick Damici","actor6": "James Godwin",
	"actorz": ",","actorz2": ",","actorz3": ",","actorz4": ",","actorz5": ",",
	"cat1": "","cat2": "Фантастика","cat3": "Ужасы","cat4": "","cat5": "","cat6": "","cat7": "Драмы","cat8": "","cat9": "","cat10": "","cat11": "","cat12": "","cat13": "","cat14": "",
	"zap1": "","zap2": ",","zap3": ",","zap4": "","zap5": "","zap6": "","zap7": "","zap8": "","zap9": "","zap10": "","zap11": "","zap12": "","zap13": ""
}