{
	"video": "http://film/filles/videos/v41.mp4",
	"actorimg": "filles/imagesv/av42.jpg",
	"limg": "filles/imagesv/v41.jpg",
	"slimg1": "filles/imagesv/slv411.jpg",
	"slimg2": "filles/imagesv/slv412.jpg",
	"slimg3": "filles/imagesv/slv413.jpg",
	"slimg4": "filles/imagesv/slv414.jpg",
	"name": "Монстры",
	"publish": "Опубликовано: 01.01.2018",
	"desc": "Кинолента «Монстры» («Monsters») была снята английским режиссером Гаретом Эдвардсом в 2010 году. Жанр фильма сочетает в себе элементы фантастики, триллера и драмы. Американский журналист сопровождает туриста через карантинную зону – здесь пару лет назад упал спутник с формой инопланетной жизни и теперь на этой огромной территории происходят непонятные вещи. Для проведения съемок режиссер специально следил за новостями и искал настоящие разрушенные стихией города. В течение восьми месяцев съемочная команда из шести человек исколесила на минивэне практически всю Южную Америку. Несмотря на минимальный состав актерской группы и отсутствие спецэффектов, Эдвардсу удалось снять замечательный, очень реалистичный фильм с глубоким смыслом. Хотя справедливости ради необходимо отметить, что эти два актера великолепно и очень профессионально справились со своими ролями. В «Монстрах» очень мощный красивый саундтрек, который непременно запомнится любителям музыки. А окончание фильма заслуживает отдельной похвалы – оно весьма своевременное, абсолютно законченное, неожиданное и необычайно простое.",
	"time": "Длительность: 01:34:19",
	"ltime": "01:34:19",
	"rate": "Рейтинги: IMDb: 6.4 (80 265) Кинопоиск: 5.85 (17 751)",
	"slogan": "Слоган: «Теперь, это наша очередь адаптироваться»",
	"relize": "Дата выхода: 30 сентября 2010 года",
	"country": "Страна: Великобритания",
	"producer": "Gareth Edwards","producer2": "","producer3": "",
	"producerz": "","producerz2": "",
	"actor": "Scoot McNairy","actor2": "Whitney Able","actor3": "Mario Zuniga Benavides","actor4": "Annalee Jefferies","actor5": "Justin Hall","actor6": "Ricky Catter",
	"actorz": ",","actorz2": ",","actorz3": ",","actorz4": ",","actorz5": ",",
	"cat1": "","cat2": "Фантастика","cat3": "","cat4": "","cat5": "","cat6": "","cat7": "Драмы","cat8": "","cat9": "","cat10": "","cat11": "","cat12": "","cat13": "Триллеры","cat14": "",
	"zap1": "","zap2": ",","zap3": "","zap4": "","zap5": "","zap6": "","zap7": ",","zap8": "","zap9": "","zap10": "","zap11": "","zap12": "","zap13": ""
}