{
	"video": "http://film/filles/videos/v42.mp4",
	"actorimg": "filles/imagesv/av43.jpg",
	"limg": "filles/imagesv/v42.jpg",
	"slimg1": "filles/imagesv/slv421.jpg",
	"slimg2": "filles/imagesv/slv422.jpg",
	"slimg3": "filles/imagesv/slv423.jpg",
	"slimg4": "filles/imagesv/slv424.jpg",
	"name": "Время ведьм",
	"publish": "Опубликовано: 01.01.2018",
	"desc": "Действия приключенческого боевика «Время ведьм» разворачиваются во времена свирепой чумы в Европе еще в XIV веке. Массы людей гибнут от невиданной ранее болезни, виновницей которой считают молодую девушку, обвиняя ее в черном колдовстве. Единственное спасение для людей – это снять все чары ведьмы, доставив ее в далекий монастырь, где местные монахи уничтожат демона вселившегося в нее. Именно с этой просьбой умирающий кардинал обращается к крестоносцам Бэймену и Фелсону, единственным кому по силам данное поручение. Теперь им предстоит не легкий путь через настоящий ад, ради спасения всей Европы. В начале пути крестоносцы считали девушку невинной, однако спустя время вера в это становится все меньше. А заточенная в клетке ведьма призывает на помощь все силы тьмы, и уже, не известно смогут ли отважные Бэймен и Фелсон закончить свою миссию.",
	"time": "Длительность: 01:33:19",
	"ltime": "01:33:19",
	"rate": "Рейтинги: IMDb: 5.4 (80 128) Кинопоиск: 6.16 (63 779)",
	"slogan": "Слоган: «Не все души могут быть спасены»",
	"relize": "Дата выхода: 4 января 2011 года",
	"country": "Страна: США",
	"producer": "Dominic Sena","producer2": "","producer3": "",
	"producerz": "","producerz2": "",
	"actor": "Nicolas Cage","actor2": "Ron Perlman","actor3": "Stephen Campbell Moore","actor4": "Stephen Graham","actor5": "Ulrich Thomsen","actor6": "Claire Foy",
	"actorz": ",","actorz2": ",","actorz3": ",","actorz4": ",","actorz5": ",",
	"cat1": "","cat2": "","cat3": "","cat4": "Боевики","cat5": "Приключения","cat6": "","cat7": "","cat8": "","cat9": "","cat10": "","cat11": "","cat12": "","cat13": "","cat14": "Фэнтези",
	"zap1": "","zap2": "","zap3": "","zap4": ",","zap5": ",","zap6": "","zap7": "","zap8": "","zap9": "","zap10": "","zap11": "","zap12": "","zap13": ""
}