{
	"video": "http://film/filles/videos/v43.mp4",
	"actorimg": "filles/imagesv/av44.jpg",
	"limg": "filles/imagesv/v43.jpg",
	"slimg1": "filles/imagesv/slv431.jpg",
	"slimg2": "filles/imagesv/slv432.jpg",
	"slimg3": "filles/imagesv/slv433.jpg",
	"slimg4": "filles/imagesv/slv434.jpg",
	"name": "Последний охотник на ведьм",
	"publish": "Опубликовано: 01.01.2018",
	"desc": "В далёкое и мрачное средневековье, когда над человечеством нависла угроза уничтожения из-за смертоносной чумы, свирепствовавшей повсюду, люди заподозрили, что виновниками опасной заразы являются ведьмы, насылающие хворь с помощью черной магии. Несколько смельчаков отправились на поиски самой опасной из них, так называемой, Королевы Ведьм. В конечном итоге они её нашли, и некоему Колдеру удалось убить злобную колдунью, но перед смертью ведьма наложила на него проклятие, обрекая охотника на вечную жизнь и страдания от потери близких людей. Спустя долгих восемьсот лет, Колдер – единственный охотник на ведьм, оставшийся в современном мире, работающий на тайную организацию, которая стремится сохранить мир между людьми и колдунами, всячески пресекая любые действия последних, выходящие за рамки дозволенного. Но, сражаясь с ведьмами на протяжении сотен лет, страдая от потери любимой жены и дочери, наш герой не подозревал, что хозяйка его проклятия, которую он давно считал мёртвой, на самом деле выжила, и долгие годы вынашивала коварный план мести, не отказываясь от своего первоначального плана – уничтожить всё человечество.",
	"time": "Длительность: 01:46:10",
	"ltime": "01:46:10",
	"rate": "Рейтинги: IMDb: 6.0 (71 556) Кинопоиск: 6.07 (42 005)",
	"slogan": "Слоган: «Вечно жить»",
	"relize": "Дата выхода: 13 октября 2015 года",
	"country": "Страна: США",
	"producer": "Breck Eisner","producer2": "","producer3": "",
	"producerz": "","producerz2": "",
	"actor": "Vin Diesel","actor2": "Rose Leslie","actor3": "Elijah Wood","actor4": "Olafur Darri Olafsson","actor5": "Rena Owen","actor6": "Julie Engelbrecht",
	"actorz": ",","actorz2": ",","actorz3": ",","actorz4": ",","actorz5": ",",
	"cat1": "","cat2": "","cat3": "","cat4": "Боевики","cat5": "Приключения","cat6": "","cat7": "","cat8": "","cat9": "","cat10": "","cat11": "","cat12": "","cat13": "","cat14": "Фэнтези",
	"zap1": "","zap2": "","zap3": "","zap4": ",","zap5": ",","zap6": "","zap7": "","zap8": "","zap9": "","zap10": "","zap11": "","zap12": "","zap13": ""
}