{
	"video": "http://film/filles/videos/v44.mp4",
	"actorimg": "filles/imagesv/av45.jpg",
	"limg": "filles/imagesv/v44.jpg",
	"slimg1": "filles/imagesv/slv441.jpg",
	"slimg2": "filles/imagesv/slv442.jpg",
	"slimg3": "filles/imagesv/slv443.jpg",
	"slimg4": "filles/imagesv/slv444.jpg",
	"name": "Орудия смерти: Город костей",
	"publish": "Опубликовано: 01.01.2018",
	"desc": "Однажды героиня фильма «Орудия смерти: Город костей», юная Клэри Фрэй, становиться случайным свидетелем убийства. Это происшествие становится толчком к чреде необъяснимых событий в жизни девушки. Клэри начинает видеть то, что не видела ранее, и то, что не видят другие люди. В скором времени она узнает, что не такая как все, а является Сумеречным Охотником, как ее предки. Эти на половину ангелы, на половину люди существуют параллельно с миром людей, и столетиями сражаются с разной нечестью, защищая мир от зла. Теперь Клэри предстоит разобраться в своем прошлом и пережить немало опасных приключений.",
	"time": "Длительность: 02:22:33",
	"ltime": "02:22:38",
	"rate": "Рейтинги: IMDb: 5.9 (112 833) Кинопоиск: 6.06 (38 093)",
	"slogan": "Слоган: «Миры столкнутся»",
	"relize": "Дата выхода: 12 августа 2013 года",
	"country": "Страна: Канада, Германия",
	"producer": "Harald Zwart","producer2": "","producer3": "",
	"producerz": "","producerz2": "",
	"actor": "Lily Collins","actor2": "Jamie Campbell Bower","actor3": "Robert Sheehan","actor4": "Jemima West","actor5": "Kevin Zegers","actor6": "Aidan Turner",
	"actorz": ",","actorz2": ",","actorz3": ",","actorz4": ",","actorz5": ",",
	"cat1": "","cat2": "","cat3": "","cat4": "Боевики","cat5": "Приключения","cat6": "","cat7": "Драмы","cat8": "Мелодрамы","cat9": "","cat10": "","cat11": "Детективы","cat12": "","cat13": "","cat14": "Фэнтези",
	"zap1": "","zap2": "","zap3": "","zap4": ",","zap5": ",","zap6": "","zap7": ",","zap8": ",","zap9": "","zap10": "","zap11": ",","zap12": "","zap13": ""
}