{
	"video": "http://film/filles/videos/v45.mp4",
	"actorimg": "filles/imagesv/av51.jpg",
	"limg": "filles/imagesv/v45.jpg",
	"slimg1": "filles/imagesv/slv451.jpg",
	"slimg2": "filles/imagesv/slv452.jpg",
	"slimg3": "filles/imagesv/slv453.jpg",
	"slimg4": "filles/imagesv/slv454.jpg",
	"name": "Форест Гамп",
	"publish": "Опубликовано: 01.01.2018",
	"desc": "Драматическая картина «Форрест Гамп» снята по мотивам одноименного романа Уинстона Грума. Сюжет фильма рассказывает об увлекательной жизни парня по имени Фореста Гампа. Маленький Форрест живет вместе со своей матерью в штате Алабама, в городке под названием Гринбоу. У него проблемы со здоровьем, да и ко всему прочему, мальчик обладает незаурядными умственными способностями, поэтому его матери приходиться приложить немало усилий, чтобы его взяли в обычную школу. В школе Форрест постоянно подвергается издевательствам со стороны сверстников, но это помогает ему научиться очень быстро бегать, что в будущем дает шанс парню стать студентом, и войти в число лучших спортсменов-любителей страны. После окончания университета Форрест идет в армию, и попадает на начавшуюся войну во Вьетнаме. Оказавшись на поле боя, Гамп совершает очень отважный поступок, за что получает самую высокую военную награду. В скором времени Форресту удается стать очень успешным бизнесменом. На протяжении всей своей жизни Форрест Гамп не раз прославлялся, но при этом он всегда оставался очень добрым, отзывчивым, человеком с большим сердцем.",
	"time": "Длительность: 02:22:33",
	"ltime": "02:22:38",
	"rate": "Рейтинги: IMDb: 8.8 (1 399 396) Кинопоиск: 8.92 (405 366)",
	"slogan": "Слоган: «Мир уже никогда не будет прежним, после того как вы увидите его глазами Форреста Гампа»",
	"relize": "Дата выхода: 23 июня 1994 года",
	"country": "Страна: США",
	"producer": "Robert Zemeckis","producer2": "","producer3": "",
	"producerz": "","producerz2": "",
	"actor": "Tom Hanks","actor2": "Robin Wright","actor3": "Gary Sinise","actor4": "Mykelti Williamson","actor5": "Sally Field","actor6": "Rebecca Williams",
	"actorz": ",","actorz2": ",","actorz3": ",","actorz4": ",","actorz5": ",",
	"cat1": "","cat2": "","cat3": "","cat4": "","cat5": "","cat6": "","cat7": "Драмы","cat8": "Мелодрамы","cat9": "","cat10": "","cat11": "","cat12": "","cat13": "","cat14": "",
	"zap1": "","zap2": "","zap3": "","zap4": "","zap5": "","zap6": "","zap7": ",","zap8": "","zap9": "","zap10": "","zap11": "","zap12": "","zap13": ""
}