{
	"video": "http://film/filles/videos/v46.mp4",
	"actorimg": "filles/imagesv/av46.jpg",
	"limg": "filles/imagesv/v46.jpg",
	"slimg1": "filles/imagesv/slv461.jpg",
	"slimg2": "filles/imagesv/slv462.jpg",
	"slimg3": "filles/imagesv/slv463.jpg",
	"slimg4": "filles/imagesv/slv464.jpg",
	"name": "Интерстеллар",
	"publish": "Опубликовано: 01.01.2018",
	"desc": "Действие фильма «Интерстеллар» (Interstellar) происходит в недалеком будущем. Климат на Земле существенно изменился, а высокая концентрация азота скоро приведет к гибели людей. Необходимо срочно искать другую планету, чтобы переселить на нее весь человеческий род. Ученые обнаружили в пространстве червоточину, через которую можно переместиться в другую галактику. Это единственный выход для спасения всего человечества...",
	"time": "Длительность: 02:44:19",
	"ltime": "02:44:19",
	"rate": "Рейтинги: IMDb: 8.6 (1 063 420) Кинопоиск: 8.58 (350 326)",
	"slogan": "Слоган: «Следующий шаг человечества станет величайшим»",
	"relize": "Дата выхода: 26 октября 2014 года",
	"country": "Страна: США, Великобритания",
	"producer": "Christopher Nolan","producer2": "","producer3": "",
	"producerz": "","producerz2": "",
	"actor": "Matthew McConaughey","actor2": "Anne Hathaway","actor3": "Jessica Chastain","actor4": "Mackenzie Foy","actor5": "Michael Caine","actor6": "David Gyasi",
	"actorz": ",","actorz2": ",","actorz3": ",","actorz4": ",","actorz5": ",",
	"cat1": "","cat2": "Фантастика","cat3": "","cat4": "","cat5": "Приключения","cat6": "","cat7": "Драмы","cat8": "","cat9": "","cat10": "","cat11": "","cat12": "","cat13": "","cat14": "",
	"zap1": "","zap2": ",","zap3": "","zap4": "","zap5": ",","zap6": "","zap7": "","zap8": "","zap9": "","zap10": "","zap11": "","zap12": "","zap13": ""
}