{
	"video": "http://film/filles/videos/v47.mp4",
	"actorimg": "filles/imagesv/av47.jpg",
	"limg": "filles/imagesv/v47.jpg",
	"slimg1": "filles/imagesv/slv471.jpg",
	"slimg2": "filles/imagesv/slv472.jpg",
	"slimg3": "filles/imagesv/slv473.jpg",
	"slimg4": "filles/imagesv/slv474.jpg",
	"name": "Начало",
	"publish": "Опубликовано: 01.01.2018",
	"desc": "Мы привыкли, что в нашем понимании вор – это человек способный украсть какие-то ценности или деньги. Сюжет фантастического боевика «Начало» рассказывает о ворах способных украсть идею прямо у человека из подсознания. Одним из таких является главный герой фильма Доминик Кобб. После того как его жена умерла, он вынужден скрываться, и не может даже вернуться в страну, чтобы повидать детей. Как-то раз Кобб получает очень неординарный заказ: ему нужно не украсть, а наоборот внедрить новую идею в подсознание человека. Доминику не очень хотеться браться за это дело, но заказчик в обмен предлагает возможность вернуться домой. Заручившись поддержкой профессионалов этого дела, Кобб начинает разрабатывать план как все провернуть. Все нужно очень хорошо продумать, ведь ворам предстоит воссоздать многослойную реальность в подсознании объекта, в результате чего грани могут начать стираться.",
	"time": "Длительность: 02:28:07",
	"ltime": "02:28:07",
	"rate": "Рейтинги: IMDb: 8.8 (1 624 372) Кинопоиск: 8.66 (461 902)",
	"slogan": "Слоган: «Твой разум - место преступления»",
	"relize": "Дата выхода: 8 июля 2010 года",
	"country": "Страна: США",
	"producer": "Christopher Nolan","producer2": "","producer3": "",
	"producerz": "","producerz2": "",
	"actor": "Leonardo DiCaprio","actor2": "Joseph Gordon-Levitt","actor3": "Ellen Page","actor4": "Tom Hardy","actor5": "Ken Watanabe","actor6": "Cillian Murphy",
	"actorz": ",","actorz2": ",","actorz3": ",","actorz4": ",","actorz5": ",",
	"cat1": "","cat2": "Фантастика","cat3": "","cat4": "Боевики","cat5": "","cat6": "","cat7": "Драмы","cat8": "","cat9": "","cat10": "","cat11": "Детективы","cat12": "","cat13": "Триллеры","cat14": "",
	"zap1": "","zap2": ",","zap3": "","zap4": ",","zap5": "","zap6": "","zap7": ",","zap8": "","zap9": "","zap10": "","zap11": ",","zap12": "","zap13": ""
}