{
	"video": "http://film/filles/videos/v48.mp4",
	"actorimg": "filles/imagesv/av48.jpg",
	"limg": "filles/imagesv/v48.jpg",
	"slimg1": "filles/imagesv/slv481.jpg",
	"slimg2": "filles/imagesv/slv482.jpg",
	"slimg3": "filles/imagesv/slv483.jpg",
	"slimg4": "filles/imagesv/slv484.jpg",
	"name": "Чужой: Завет",
	"publish": "Опубликовано: 01.01.2018",
	"desc": "Этот увлекательный, напряженный научно-фантастический фильм с элементами ужасов и драмы является шестым эпизодом о Ксеноморфах и приквелом всей истории, посвященной Чужим. В недалеком прошлом вся команда космического корабля под названием «Прометей» погибла. За исключением девушки Элизабет и андроида по имени Дэвид, которым удалось все же выбраться из жуткого места, кишащего Чужими... Корабль «Завет» изучает неизведанные, отдаленные уголки галактики. В поле зрения экипажа попадает таинственная планета. Многие из команды полагают, что это и есть тот самый знаменитый «Рай», который все так долго и упорно искали. Бравые исследователи принимают судьбоносное решение о высадке на неизученную планету. Однако все оборачивается не так уж радужно. Новый мир оказывается мрачным и полным загадок. На всей огромной планете нет ни одного жителя, кроме того самого Дэвида. Андроид рассказывает внезапным гостям свою историю. Здесь люди начинают свои исследования, которые должны их привести к ответу на важнейший в истории человечества вопрос: как же появилась на свет человеческая раса. Но спокойно им это сделать не удастся. Ведь за обманчивым спокойствием этого мрачного мира кроется что-то по-настоящему жуткое и опасное…",
	"desc1": "Смотрите фильмы онлайн в HD качестве. Только лучшие фильмы на нашем сайте!",
	"time": "Длительность: 02:02:03",
	"ltime": "02:02:03",
	"rate": "Рейтинги: IMDb: 6.7 (98 544) Кинопоиск: 5.99 (51 040)",
	"slogan": "Слоган: «Беги»",
	"relize": "Дата выхода: 4 мая 2017 года",
	"country": "Страна: Зеландия, Канада",
	"producer": "Ridley Scott","producer2": "","producer3": "",
	"producerz": "","producerz2": "",
	"actor": "Michael Fassbender","actor2": "Katherine Waterston","actor3": "Billy Crudup","actor4": "Danny McBride","actor5": "Carmen Ejogo","actor6": "Carmen Ejogo",
	"actorz": ",","actorz2": ",","actorz3": ",","actorz4": ",","actorz5": ",",
	"cat1": "","cat2": "Фантанстика","cat3": "Ужасы","cat4": "","cat5": "","cat6": "","cat7": "","cat8": "","cat9": "","cat10": "","cat11": "","cat12": "","cat13": "Триллеры","cat14": "",
	"zap1": ",","zap2": ",","zap3": ",","zap4": "","zap5": "","zap6": "","zap7": "","zap8": "","zap9": "","zap10": "","zap11": "","zap12": "","zap13": ""
}