{
	"video": "http://film/filles/videos/v49.mp4",
	"actorimg": "filles/imagesv/av49.jpg",
	"limg": "filles/imagesv/v49.jpg",
	"slimg1": "filles/imagesv/slv491.jpg",
	"slimg2": "filles/imagesv/slv492.jpg",
	"slimg3": "filles/imagesv/slv493.jpg",
	"slimg4": "filles/imagesv/slv494.jpg",
	"name": "Эффект бабочки",
	"publish": "Опубликовано: 01.01.2018",
	"desc": "Сюжет фантастического триллера «Эффект бабочки» основан на одноименном термине, используемом в естественных науках. Главный герой фильма – Эван, с самого детства страдал кратковременными потерями памяти. Психиатр, которого он посещал, дал ему совет вести дневник, и записывать туда все происходящее. Однажды, спустя много лет, когда Эван стал взрослым, ему на глаза попадают старые дневники, и он решает их перечитать. Читая их один за другим, парень начинает осознавать, что посещающие его спонтанные видения, это далеко не просто наплывы воспоминаний. Оказывается, что он может перемещаться во времени, и менять настоящее, изменяя что-то в прошлом. Только вот каждый раз, как Эван пытается, что ни будь исправить, все получается далеко не так, как он планирует, и новая реальность оказывается ничем не лучше исходной.",
	"time": "Длительность: 01:54:11",
	"ltime": "01:54:11",
	"rate": "Рейтинги: IMDb: 7.7 (375 969) Кинопоиск: 8.17 (286 074)",
	"slogan": "Слоган: «Изменишь одно, изменится все»",
	"relize": "Дата выхода: 17 января 2004 года",
	"country": "Страна: США, Канада",
	"producer": "Eric Bress","producer2": "J. Mackye Gruber","producer3": "",
	"producerz": ",","producerz2": "",
	"actor": "Ashton Kutcher","actor2": "Amy Smart","actor3": "Elden Henson","actor4": "William Lee Scott","actor5": "John Patrick Amedori","actor6": "Kevin Schmidt",
	"actorz": ",","actorz2": ",","actorz3": ",","actorz4": ",","actorz5": ",",
	"cat1": "","cat2": "Фантастика","cat3": "","cat4": "","cat5": "","cat6": "","cat7": "","cat8": "","cat9": "","cat10": "","cat11": "","cat12": "","cat13": "Триллеры","cat14": "",
	"zap1": "","zap2": ",","zap3": "","zap4": "","zap5": "","zap6": "","zap7": "","zap8": "","zap9": "","zap10": "","zap11": "","zap12": "","zap13": ""
}