{
	"video": "http://film/filles/videos/v50.mp4",
	"actorimg": "filles/imagesv/av50.jpg",
	"limg": "filles/imagesv/v50.jpg",
	"slimg1": "filles/imagesv/slv501.jpg",
	"slimg2": "filles/imagesv/slv502.jpg",
	"slimg3": "filles/imagesv/slv503.jpg",
	"slimg4": "filles/imagesv/slv504.jpg",
	"name": "Иван Васильевич меняет профессию",
	"publish": "Опубликовано: 01.01.2018",
	"desc": "Фантастическая советская кинокомедия «Иван Васильевич меняет профессию»от киностудии «Мосфильм», в свое время собрала свыше 60 миллионов зрителей, став лидером советского кинопроката 1973 года, а миллионы зрителей любят ее и по сегодняшний день. Главный герой Александр Сергеевич Тимофеев, он же Шурик, изобретатель, работает над созданием машины времени. Её запуск привел к взрыву в квартире, перегоранию пробок во всем доме и потере сознания самим Шуриком. Ему снится сон, что его жена, киноактриса, уходит к её новому любовнику – кинорежиссеру Якину. В это же время в соседнюю квартиру стоматолога Шпака проникает вор - Жорж Милославский и обворовывает её. Шурик решает провести ещё раз запуск машины, но уже на небольшой мощности, его эксперимент проходит удачно и стена между квартирами Шурика и Шпака исчезает. Удивленный вор входит в квартиру Шурика, интересуясь его изобретением. Шурик увеличивает мощность, и через стену открываются царские палаты, где на троне сидит Иван Грозный, рядом дьяк Феофан. Жорж Мирославский и Иван Васильевич Бунша решают пройти во дворец. Начинается переполох, Феофан убегает, а Иван Грозный пугается черной кошки Шурика и вбегает к нему в квартиру, в то время как ломается машина времени. Так Царь оказался в современном мире, а Иван Васильевич Бунша и Жорж Милославский — во времена Ивана Грозного.",
	"time": "Длительность: 01:31:39",
	"ltime": "01:31:39",
	"rate": "Рейтинги: IMDb: 8.4 (11 483) Кинопоиск: 8.79 (306 398)",
	"slogan": "Слоган: «Отсутствует»",
	"relize": "Дата выхода: 17 сентября 1973 года",
	"country": "Страна: СССР",
	"producer": "Leonid Gaidai","producer2": "","producer3": "",
	"producerz": "","producerz2": "",
	"actor": "Alexander Demyanenko","actor2": "Yury Yakovlev","actor3": "Leonid Kuravlev","actor4": "Natalia Krachkovskaya","actor5": "Saveliy Kramarov","actor6": "Natalia Selezneva",
	"actorz": ",","actorz2": ",","actorz3": ",","actorz4": ",","actorz5": ",",
	"cat1": "","cat2": "Фантастика","cat3": "","cat4": "","cat5": "Приключения","cat6": "Комедии","cat7": "","cat8": "","cat9": "","cat10": "","cat11": "","cat12": "","cat13": "","cat14": "",
	"zap1": "","zap2": ",","zap3": "","zap4": "","zap5": ",","zap6": "","zap7": "","zap8": "","zap9": "","zap10": "","zap11": "","zap12": "","zap13": ""
}