{
	"video": "http://film/filles/videos/v51.mp4",
	"actorimg": "filles/imagesv/av51.jpg",
	"limg": "filles/imagesv/v51.jpg",
	"slimg1": "filles/imagesv/slv511.jpg",
	"slimg2": "filles/imagesv/slv512.jpg",
	"slimg3": "filles/imagesv/slv513.jpg",
	"slimg4": "filles/imagesv/slv514.jpg",
	"name": "Зеленая миля",
	"publish": "Опубликовано: 01.01.2018",
	"desc": "Культовая драма «Зеленая миля» снята по одноименному роману Стивена Кинга. Главную роль в картине исполнил неподражаемый Том Хэнкс. Действия фильма разворачиваются в тюрьме «Холодная Гора». Однажды в блок для приговоренных к смертной казни поступает новый заключенный – Джон Коффи, осужденный за убийство маленьких девочек. Коффи привлекает внимание начальника этого блока – Пола Эджкомба. За долгие годы работы он насмотрелся на разных преступников, и он немного разбирается в людях. Пол сомневается в виновности Коффи, ведь не смотря на его устрашающий вид, он обладает добротой и человечностью. Так же со временем выясняется, что Джон является обладателем удивительного дара – способностью исцелять. Пол понимает, что такой человек ни как не может быть убийцей. Но что же делать, и как помочь ему?",
	"time": "Длительность: 03:08:38",
	"ltime": "03:08:38",
	"rate": "Рейтинги: IMDb: 8.5 (870 530) Кинопоиск: 9.06 (413 132)",
	"slogan": "Слоган: «Пол Эджкомб не верил в чудеса. Пока не столкнулся с одним из них»",
	"relize": "Дата выхода: 6 декабря 1999 года",
	"country": "Страна: США",
	"producer": "Frank Darabont","producer2": "","producer3": "",
	"producerz": "","producerz2": "",
	"actor": "Tom Hanks","actor2": "David Morse","actor3": "Michael Clarke Duncan","actor4": "Bonnie Hunt","actor5": "James Cromwell","actor6": "Michael Jeter",
	"actorz": ",","actorz2": ",","actorz3": ",","actorz4": ",","actorz5": ",",
	"cat1": "Криминал","cat2": "","cat3": "","cat4": "","cat5": "","cat6": "","cat7": "Драмы","cat8": "","cat9": "","cat10": "","cat11": "Детективы","cat12": "","cat13": "","cat14": "Фэнтези",
	"zap1": ",","zap2": "","zap3": "","zap4": "","zap5": "","zap6": "","zap7": ",","zap8": "","zap9": "","zap10": "","zap11": ",","zap12": "","zap13": ""
}