{
	"video": "http://film/filles/videos/v52.mp4",
	"actorimg": "filles/imagesv/av52.jpg",
	"limg": "filles/imagesv/v52.jpg",
	"slimg1": "filles/imagesv/slv521.jpg",
	"slimg2": "filles/imagesv/slv522.jpg",
	"slimg3": "filles/imagesv/slv523.jpg",
	"slimg4": "filles/imagesv/slv524.jpg",
	"name": "Побег из Шоушенка",
	"publish": "Опубликовано: 01.01.2018",
	"desc": "В основу культовой драмы «Побег из Шоушенка» легла повесть Стивена Кинга «Рита Хейуорт из Шоушенка». Действия фильма разворачиваются в конце 50-х годов прошлого столетия. Молодого финансиста Энди Дюфрейна за двойное убийство приговаривают к пожизненному заключению, но он категорически отрицает свою причастность к преступлению. Свой срок Энди отправляется отбывать в одну из известнейших тюрем – Шоушенк, из которой еще никому не удавалось сбежать. В тюрьме парень сталкивается с суровыми реалиями тюремного мира, мира, где нет места состраданию, а вокруг только жестокость. Энди не однократно становиться жертвой сексуальных домогательств, но он сопротивляется до последнего. В скором времени тюремная жизнь Дюфрейна немного налаживается, и он даже находит себе друга, которым становиться чернокожий заключенный Рэд...",
	"time": "Длительность: 02:22:33",
	"ltime": "02:22:38",
	"rate": "Рейтинги: IMDb: 9.3 (1 859 678) Кинопоиск: 9.11 (436 127)",
	"slogan": "Слоган: «Страх - это кандалы. Надежда - это свобода»",
	"relize": "Дата выхода: 10 сентября 1994 года",
	"country": "Страна: США",
	"producer": "Frank Darabont","producer2": "","producer3": "",
	"producerz": "","producerz2": "",
	"actor": "Tim Robbins","actor2": "Morgan Freeman","actor3": "Bob Gunton","actor4": "William Sadler","actor5": "Clancy Brown","actor6": "Gil Bellows",
	"actorz": ",","actorz2": ",","actorz3": ",","actorz4": ",","actorz5": ",",
	"cat1": "Криминал","cat2": "","cat3": "","cat4": "","cat5": "","cat6": "","cat7": "Драмы","cat8": "","cat9": "","cat10": "","cat11": "","cat12": "","cat13": "","cat14": "",
	"zap1": ",","zap2": "","zap3": "","zap4": "","zap5": "","zap6": "","zap7": "","zap8": "","zap9": "","zap10": "","zap11": "","zap12": "","zap13": ""
}