[
    {
    	"id": "1",
    	"name": "Стройка",
    	"img": "images/thumbnails/01.jpg",
		"v": "m",
		"lang": "110"
	},
	{
		"id": "2",
		"name": "Транспорт, логистика",
		"img": "images/thumbnails/02.jpg",
		"v": "m",
		"lang": "110"
	},
	{
		"id": "3",
		"name": "Электрик",
		"img": "images/thumbnails/51.jpg",
		"v": "m",
		"lang": "110"
	},
	{
		"id": "4",
		"name": "Металлург",
		"img": "images/thumbnails/68.jpg",
		"v": "m",
		"lang": "110"
	},
	{
		"id": "5",
		"name": "Плотник/Слесарь",
		"img": "images/thumbnails/69.jpg",
		"v": "m",
		"lang": "110"
	},
	{
		"id": "6",
		"name": "Разнорабочий",
		"img": "images/thumbnails/04.jpg",
		"v": "m",
		"lang": "110"
	},
	{
    	"ids": "1",
    	"name": "Арматурщик Варшава",
    	"img": "images/thumbnails/18.jpg",
		"v": 1,
		"lang": "110"
	},
	{
		"ids": "2",
		"name": "Крановщик",
		"img": "images/thumbnails/95.jpg",
		"v": 1,
		"lang": "110"
	},
	{
		"ids": "3",
		"name": "Арматурщик Люблин",
		"img": "images/thumbnails/07.jpg",
		"v": 1,
		"lang": "110"
	},
	{
		"ids": "4",
		"name": "Бетонщик",
		"img": "images/thumbnails/101.jpg",
		"v": 1,
		"lang": "110"
	},
	{
    	"ids": "5",
    	"name": "Экспедитор-логист",
    	"img": "images/thumbnails/24.jpg",
		"v": 2,
		"lang": "110"
	},
	{
		"ids": "6",
		"name": "Водители цистерн",
		"img": "images/thumbnails/22.jpg",
		"v": 2,
		"lang": "110"
	},
	{
		"ids": "7",
		"name": "Механик",
		"img": "images/thumbnails/46.jpg",
		"v": 2,
		"lang": "110"
	},
	{
		"ids": "8",
		"name": "Водители цистерн",
		"img": "images/thumbnails/21.jpg",
		"v": 2,
		"lang": "110"
	},
	{
		"ids": "9",
		"name": "Экспедитор",
		"img": "images/thumbnails/90.jpg",
		"v": 2,
		"lang": "110"
	},
	{
		"ids": "10",
		"name": "Электрик",
		"img": "images/thumbnails/51.jpg",
		"v": 3,
		"lang": "110"
	},
	{
		"ids": "11",
		"name": "Металлург",
		"img": "images/thumbnails/68.jpg",
		"v": 4,
		"lang": "110"
	},
	{
		"ids": "12",
		"name": "Слесарь",
		"img": "images/thumbnails/84.jpg",
		"v": 5,
		"lang": "110"
	},
	{
		"ids": "13",
		"name": "Плотник",
		"img": "images/thumbnails/83.jpg",
		"v": 5,
		"lang": "110"
	},
	{
		"ids": "14",
		"name": "Упаковка зеркал",
		"img": "images/thumbnails/61.jpg",
		"v": 6,
		"lang": "110"
	}
]