{
	"name": "Хаос",
	"img": "img/haos.jpg",
	"desc": "применяется для создания текстурной поверхности для внутренней и наружной отделки, также применяют для Мармарино, Травертино, Гротто и др.",
	"desc1": "Подготовка поверхности: поверхность должна быть чистой, сухой и твердой. Не крепкий слой (например, меловую побелку, шелушащиеся краску) следует удалить и при необходимости зашпаклевать неровности.",
	"desc2": "Способ применения: перед нанесением тщательно загрунтовать поверхность акриловой грунтовкой, или грунтовочной краской с минеральным наполнителем. Наносится шпателем на поверхность, придавая ей необходимый текстурный эффект. После высыхания с помощью вискозной губки или кисти нанести на поверхность защитный слой лака необходимого цвета. Когда поверхность сырая, промытой губкой удалить излишки лака.",
	"desc3": "Рабочие инструменты: нержавеющий шпатель, губка, кисти. После окончания работ промыть водой с мылом. Засохла смесь, удаляется механически.",
	"desc4": "Рекомендуемая температура нанесения: +5° до +28°.",
	"desc5": "Основа: акриловый латекс.",
	"desc6": "Разбавитель: вода.",
	"desc7": "Расход: 1.5-2.5 кг/м.кв..",
	"desc8": "Время высыхания: 10-16 часов при +20° (зависит от толщины слоя).",
	"desc9": "Хранение: в плотно закрытой таре. Беречь от замерзания!",
	"desc10": "Срок хранения: 12 месяцев от даты изготовления.",
	"desc11": "Тара: ведро 16 кг.",
	"image1": "img/sl1.jpg",
	"image2": "img/sl2.jpg",
	"image3": "img/sl3.jpg",
	"image4": "img/sl4.jpg"
}