{
	"name": "Велутто",
	"img": "img/velluto.jpg",
	"desc": "специальный гель для декоративных покрытий, который позволяет добиться эффекта современного стиля. Перламутровая паста-гель на акриловой основе, без запаха, прочная, приятная на ощупь отделка с перламутровым отливом. Применяется в качестве отделочного слоя для наружных и внутренних работ, наносится шпателем или гладилкой.",
	"desc1": "Расход: от 5 до 7 м. кв. в зависимости от глубины рельефа.",
	"desc2": "Упаковка: 3л.",
	"desc3": "Плотность: 1кг - 1л.",
	"desc4": "Высыхание: 4-6 часов при 20°.",
	"desc5": "Основа: акриловый латекс.",
	"desc6": "Растворитель: питьевая вода.",
	"desc7": "",
	"desc8": "",
	"desc9": "",
	"desc10": "",
	"desc11": "",
	"image1": "img/sl1.jpg",
	"image2": "img/sl2.jpg",
	"image3": "img/sl3.jpg",
	"image4": "img/sl4.jpg"
}