{
	"name": "Мозаика",
	"img": "img/mozaika.jpg",
	"desc": "акриловая декоративная штукатурка в виде разноцветной мраморной крошки с зерном 1мм, и 2мм.",
	"desc1": "Область применения: предназначена для изготовления декоративных тонкослойных штукатурных покрытий с «мозаичной» фактурой для внутренних и наружных работах, в т.ч. при устройстве систем наружной теплоизоляции фасадов, на цоколях и декоративных элементах. Также применяется на таких основаниях как бетон, цементно-песчаные и цементно-известковые штукатурки, гипсовые штукатурки и шпаклёвки, и т. Покрытие имеет фактуру в виде плотно уложенной мраморной крошки разного цвета, создающей «мозаичный» декоративный эффект.",
	"desc2": "Подготовка основания: основание должно быть ровным, сухим, прочным. Очищенным, от загрязнений и веществ, снижающих адгезию (пыли, жиров, смазочных масел, битумных мастик, непрочных лакокрасочных покрытий и т.п.). Непрочные, осыпающиеся участки основания следует удалить. Неровные основания, кладки из керамического или силикатного кирпича необходимо выровнять песчано-цементной штукатуркой, не менее чем за 3 суток до нанесения декоративной штукатурки. На подготовленную поверхность требуется нанести грунтовочную краску с минеральным наполнителем. Декоративную штукатурку следует наносить только после полного высыхания грунтовки Керамикс.",
	"desc3": "Выполнение работ: перед использованием содержимое ёмкости следует тщательно перемешать. При необходимости, довести штукатурку до нужной консистенции можно, добавив в неё небольшое количество воды (до 150 мл на 25 кг) и перемешав повторно. Внимание! Избыток воды может сделать применение штукатурки невозможным! Штукатурку наносят на основание, при помощи полу тёрка из нержавеющей стали. Толщина слоя должна соответствовать примерно полутора размерам зерна заполнителя. Штукатурный слой заглаживают тем же полу тёрка до того, как поверхность штукатурки начнёт подсыхать, избегая сильного нажима. Работы на одной поверхности следует выполнять непрерывно. При необходимости прервать работу, вдоль линии, где нужно закончить штукатурный слой, следует приклеить малярный скотч. Затем нанести штукатурку с заходом на скотч, придать ей фактуру и сразу же удалить скотч вместе с остатками штукатурки. Свежие остатки штукатурки могут быть удалены при помощи воды, засохшие - только механически.",
	"desc4": "Рекомендации: работы следует выполнять в сухих условиях, при температуре воздуха и основания от +10 до +30° и относительной влажности воздуха ≤ 80%. Все изложенные в техническом описании показатели качества и рекомендации верны при температуре окружающей среды +20° и относительной влажности воздуха 60%. В других условиях возможно изменение времени высыхания штукатурки. При выполнении наружных работ следует избегать нанесения штукатурки на участки фасада, находящиеся под воздействием прямых солнечных лучей, ветра и дождя. С этой целью строительные леса рекомендуется закрывать специальной сеткой или плёнкой, а на здании установить водоотливы. Нельзя смешивать с другими материалами, штукатурками, красителями и т.д. При работе со штукатуркой следует пользоваться инструментами из нержавеющих материалов. После работы со штукатуркой в помещении, перед началом эксплуатации помещение следует проветрить до исчезновения запаха. При попадании материала в глаза следует промыть их водой и обратиться за помощью к врачу.",
	"desc5": "Примечание: изготовитель не несёт ответственности за несоблюдение технологии при работе с материалом, а также за его применение в целях и условиях, не предусмотренных данным техническим описанием. При сомнении в возможности применения материала следует испытать его самостоятельно или проконсультироваться с производителем. Хранить от замораживания и воздействия прямого солнечного света!",
	"desc6": "Срок хранения: в прохладном и сухом месте, в оригинальной неповрежденной упаковке - не более 12 месяцев со дня изготовления. Начатую ёмкость следует держать плотно закрытой и использовать по возможности быстрее.",
	"desc7": "Фракция: 1мм; 2мм;",
	"desc8": "",
	"desc9": "",
	"desc10": "",
	"desc11": "",
	"image1": "img/sl1.jpg",
	"image2": "img/sl2.jpg",
	"image3": "img/sl3.jpg",
	"image4": "img/sl4.jpg"
}