{
	"name": "Короед",
	"img": "img/koroed.jpg",
	"desc": "тонкослойная полимерная штукатурка для декоративной отделки бетонных, оштукатуренных, зашпаклеванных и других минеральных поверхностей снаружи и внутри зданий.",
	"desc1": "Свойства: Сохраняет яркие цвета в течение длительного времени, Не содержит токсичных и вредных для человека веществ, Защищает фасад от воздействия УФ-излучения, Добавление силоксана обеспечивает защиту поверхности от влаги, Дополнительная защита поверхности от водорослей, плесени и грибка.",
	"desc2": "Применение: для отделки фасадов - жилых, торговых, административных, промышленных зданий. Рекомендуется для устройства отделочно-защитного слоя в системе фасадной теплоизоляции. Может использоваться для декоративной отделки стен в помещениях с нормальной и повышенной влажностью. ",
	"desc3": "Состав: Силиконовая смола, водно-полимерная латексная дисперсия, наполнители, пигменты, функциональные добавки. Акриловая дисперсия, наполнители, пигменты, функциональные добавки ",
	"desc4": "Подготовка поверхности: подготовленная к нанесению штукатурки поверхность должна быть сухой, прочной, чистой, однородной по водо-поглощению и ровной, без наплывов раствора (перепад по плоскости должен составлять не более 2 мм на 2 погонных метра); плесень, микроорганизмы и другие биологические образования механически удалить на глубину поражения, поверхность промыть водой, высушить и про грунтовать грунтовкой; небольшие неровности, наплывы раствора, снять с помощью шпателя и зашкурить наждачной теркой; для обеспечения лучшего сцепления декоративной штукатурки с поверхностью рекомендуется применять кварц-грунт; перед нанесением штукатурки поверхность обязательно обработать грунтовкой, тонированной под цвет штукатурки; про грунтованные поверхности перед началом выполнения работ выдержать не менее 4 часов.",
	"desc5": "Выполнение работ: штукатурку перед использованием тщательно перемешать; нанести штукатурку на поверхность сплошным равномерным слоем на толщину зерна металлическим шпателем из нержавеющей стали. К созданию фактурной поверхности необходимо приступать сразу после нанесения, используя пластиковую терку, но не позднее чем через 10 минут (при нормальных условиях); работы на одной плоскости выполняются непрерывно - от угла до угла здания или помещения, или в пределах рельефных элементов ограждающих конструкций. В случае необходимости внепланового технологического перерыва, вдоль линии окончания работ нужно приклеить малярную ленту, которая удаляется вместе с остатками затвердевшей смеси после её нанесения и придания фактуры. По окончании перерыва работу продолжить с места приостановки работ.",
	"desc6": "Упаковка: пластиковое ведро, масса нетто 25 кг.",
	"desc7": "Хранение: в герметически закрытой таре, в сухом проветриваемом помещении при температуре от + 5°С до + 20°С. Гарантийный срок хранения - 12 месяцев с даты изготовления, указанной на упаковке; предотвращать воздействие прямых солнечных лучей и нагревательных приборов; не допускать замораживания при транспортировке и хранении штукатурки.",
	"desc8": "Внимание: работы выполнять при температуре окружающей среды от + 5°С до + 25°С; свеженанесенную штукатурку в течение 24 часов защищать от дождя и прямых солнечных лучей; для сохранения равномерности цвета при отделке тонированную штукатурку из разных партий рекомендуется смешать.",
	"desc9": "",
	"desc10": "",
	"desc11": "",
	"image1": "img/sl1.jpg",
	"image2": "img/sl2.jpg",
	"image3": "img/sl3.jpg",
	"image4": "img/sl4.jpg"
}