{
	"name": "Луччи",
	"img": "img/luchi.jpg",
	"desc": "декоративное покрытие с эффектом отражения света под шелк или бархатистую ткань на основе акриловой дисперсии и минеральных компонентов. Используется для создания изысканного интерьера при внутренней отделке стен. В зависимости от используемого инструмента можно получить широкую гамму декоративных эффектов на поверхности. Без запаха, не токсичен, не горючий, безопасен для человека и окружающей среды. Выходит в десяти базах: светлое серебро, бронза, медь, золото, красное вино, черный, шоколадный, красный, зеленый, синий.",
	"desc1": "Разведение: готов к применению или развести 5% чистой водой в зависимости от желаемого эффекта.",
	"desc2": "Расходы: 6-8 кв.м/л в зависимости от желаемого эффекта.",
	"desc3": "Инструменты для нанесения: средний шпатель из нержавеющей стали, валик с коротким ворсом, тампон, морская губка и др..",
	"desc4": "Рекомендуемая температура нанесения: +5° до +26° (с относительной влажностью не более 80%).",
	"desc5": "Время высыхания: 2-4 часа (при температуре +20° с относительной влажностью 75%).",
	"desc6": "Очистка инструмента: водой.",
	"desc7": "Рекомендуемая температура хранения: +3° до +20°. Боится мороза.",
	"desc8": "Срок хранения: в плотно закрытой таре 12 месяцев.",
	"desc9": "Плотность: 1л - 1200гр.",
	"desc10": "Фасовка: 10л, 3л.",
	"desc11": "",
	"image1": "img/sl1.jpg",
	"image2": "img/sl2.jpg",
	"image3": "img/sl3.jpg",
	"image4": "img/sl4.jpg"
}