{
	"name": "Фатура",
	"img": "img/fatura.jpg",
	"desc": "перламутровая рельефная краска для внутренних работ. Позволяет создать нежную бархатную текстуру с мраморными перламутровыми частицами, отображает несколько техник отделки внутри помещений. Выпускается в двух базах: серебро, золото.",
	"desc1": "Подготовка поверхности: перед началом работ размешать материал выбранной базы. Допускается при необходимости добавлять до 5% воды. На подготовленную поверхность нанести водоэмульсионную акриловую краску за тонированную в цвет Фатуры и хорошо размешать. С помощью нержавеющей гладилки или шпателя нанести слой материала на величину зерна. Через 10-15 мин. металлическим шпателем или гладилкой пригладить поверхность в разных направлениях, создавая при этом оригинальные узоры.",
	"desc2": "Средний расход: 300 гр. на 1 кв.м. однослойного покрытия. Расход зависит от способа нанесения, поэтому нужно делать пробное нанесение краски на Вашу поверхность, так как структура основы и их вод поглощения различны между собой.",
	"desc3": "Высыхание: через 1-2 часа - стойкость по отношению к прикосновению через 3-4 часа можно наносить следующий слой краски при температуре воздуха не ниже +20°.",
	"desc4": "Срок годности: 12 месяцев от даты изготовления.",
	"desc5": "Плотность: 1л - 1400 грамм.",
	"desc6": "Время высыхания: 6-12 часов при 20° (зависит от толщины слоя).",
	"desc7": "Хранение: В плотно закрытой таре. Беречь от замерзания и жары!",
	"desc8": "Меры безопасности: не сливать в канализацию и водоемы, утилизировать, как бытовые отходы. При попадании в глаза промыть водой.",
	"desc9": "Фасовка: 10л., 3л..",
	"desc10": "",
	"desc11": "",
	"image1": "img/sl1.jpg",
	"image2": "img/sl2.jpg",
	"image3": "img/sl3.jpg",
	"image4": "img/sl4.jpg"
}