{
	"name": "Грана",
	"img": "img/grana.jpg",
	"desc": "перламутровая краска с мраморной крошкой. Выходит в десяти базах (светлое серебро, золото, красное вино, черный, шоколадный, бронза, медь, синий, красный, зеленый).",
	"desc1": "Применяется: для создания перламутровой поверхности с мраморной крошкой на акриловой основе при внутренней отделке стен и потолков.",
	"desc2": "Рабочие инструменты: кисти. После окончания работ промыть водой. Засохла смесь, удаляется механически.",
	"desc3": "Нанесение: поверхность очистить от старой краски, грязи и пыли. Глянцевые поверхности (старая краска или эмаль) заматовать мелкой шкуркой и очистить от пыли. Трещины, выбоины и неровности заделать шпатлевкой, зашлифовать и загрунтовать. Качество подготовленной поверхности должна быть высокой. Перед нанесением покрасить поверхность любой акриловой, вод дисперсионной краской для стен в один слой предварительно за тонировать ее в тот цвет как Грана. Наносится на поверхность плоской кистью в один или два слоя, придавая ей необходимый текстурный эффект. Рекомендуется наносить ровным и однородным слоем.",
	"desc4": "Плотность: 1л - 1250 гр..",
	"desc5": "Рекомендуемая температура нанесения: от +5° до +28°.",
	"desc6": "Основа: акриловый латекс.",
	"desc7": "Расход: 1л/м.кв. (в два слоя).",
	"desc8": "Время высыхания: 4-6 часов при +20° (зависит от толщины слоя).",
	"desc9": "Срок хранения: в плотно закрытой таре 12 месяцев. Беречь от замерзания!",
	"desc10": "Тара: 10л., 3л..",
	"desc11": "",
	"image1": "img/sl1.jpg",
	"image2": "img/sl2.jpg",
	"image3": "img/sl3.jpg",
	"image4": "img/sl4.jpg"
}