{
	"name": "Империал",
	"img": "img/imperial.jpg",
	"desc": "перламутровое покрытие на основе акрилового латекса для декоративных эффектов на различных поверхностях для внутренних и наружных работ. Широкая цветовая гамма: серебро, золото, бронза, медь, хамелеон золотистый, хамелеон сиреневый, черный,, шоколадный , красное вино, синий, зеленый, красный и др..",
	"desc1": "Подготовка поверхности: загрунтовать поверхность любой акриловой грунтовкой, чтобы основа была прочной, сухой и чистой.",
	"desc2": "Способ применения: используя натуральную губку, кисти, витой кожаный валик, кусок замши или ткани можно самостоятельно создать индивидуальный эффект отделки стен.Перед использованием краску тщательно перемешать! Разбавления водой допустимо до 5%. Рекомендованная температура нанесения от +5° до +28°.",
	"desc3": "Средний расход: 1 л на 6-8 кв.м. в один слой. Расход зависит от способа нанесения, поэтому делайте пробное нанесение краски на Вашу поверхность, так как структура оснований и их вод поглощение различны между собой.",
	"desc4": "Высыхание: через 1-2 часа стойкость по отношению к прикосновению, через 3-4 часа можно наносить следующий слой краски при температуре воздуха не ниже +20°.",
	"desc5": "Срок годности: 12 месяцев от даты изготовления.",
	"desc6": "Хранение: в плотно закрытой таре при температуре выше 0°. Беречь от замерзания и солнечных лучей!",
	"desc7": "Меры безопасности: не сливать в канализацию и водоемы, утилизировать, как бытовые отходы. При попадании в глаза промыть водой.",
	"desc8": "Тара: 1л., 3л..",
	"desc9": "",
	"desc10": "",
	"desc11": "",
	"image1": "img/sl1.jpg",
	"image2": "img/sl2.jpg",
	"image3": "img/sl3.jpg",
	"image4": "img/sl4.jpg"
}