{
	"name": "Лак Бесцветный",
	"img": "img/colorless.jpg",
	"desc": "на основе акрилового латекса для декоративного эффекта на различных поверхностях, который используется для внутренних и наружных работ. Выходит в двух базах: матовый и глянцевый.",
	"desc1": "Подготовка поверхности: загрунтовать поверхность акриловой грунтовкой, чтобы основа была прочной, сухой и чистой.",
	"desc2": "Способ применения: используя натуральную губку, кисть, витой кожаный валик, кусок замши или ткани можно самостоятельно создать индивидуальный эффект отделки стен. Перед использованием лак тщательно перемешать. Разбавления водой допустимо до 5%. Рекомендуемая температура нанесения от + 5° до + 28°.",
	"desc3": "Средний расход: 1л на 6-8 кв.м. однослойного покрытия в зависимости от глубины поверхности.",
	"desc4": "Высыхание: через 1-2 часа устойчивость по отношению к прикосновению, через 3-4 часа можно наносить следующий слой лака при температуре +20°.",
	"desc5": "Срок годности: 12 месяцев от даты изготовления при плотно закрытой крышке.",
	"desc6": "Хранение: от +3° до +20° при плотно закрытой крышке. Не замораживать!",
	"desc7": "Меры безопасности: не сливать в канализацию и водоем утилизировать, как бытовые отходы. При попадании в глаза промыть водой.",
	"desc8": "Фасовка: 1л., 5л..",
	"desc9": "",
	"desc10": "",
	"desc11": "",
	"image1": "img/sl1.jpg",
	"image2": "img/sl2.jpg",
	"image3": "img/sl3.jpg",
	"image4": "img/sl4.jpg"
}