{
	"name": "Воск",
	"img": "img/vosk.jpg",
	"desc": "повышает устойчивость покрытия от загрязнения и влажности, а также усиливает интенсивность цвета и блеска.",
	"desc1": "Способ применения: основание должно быть чистым и сухим, воск наносится венецианским шпателем (с закругленными углами) крест - накрест тонким слоем, или тампоном, хорошо втирая в основание. Поверхности дать подсохнуть и отполировать полировочные сукном без ворса.",
	"desc2": "Рекомендуемая температура: нанесение от + 8° до + 26°. Инструменты после окончания работ промыть водой.",
	"desc3": "Срок хранения: в плотно закрытой таре 12 месяцев.",
	"desc4": "Хранение: хранить в прохладном защищенном месте. Беречь от замерзания и солнечных лучей!",
	"desc5": "Фасовка: 1л.",
	"desc6": "",
	"desc7": "",
	"desc8": "",
	"desc9": "",
	"desc10": "",
	"desc11": "",
	"image1": "img/sl1.jpg",
	"image2": "img/sl2.jpg",
	"image3": "img/sl3.jpg",
	"image4": "img/sl4.jpg"
}