{
	"name": "Керамикс",
	"img": "img/keramiks.jpg",
	"desc": "грунтовочная краска с минеральным наполнителем.",
	"desc1": "Характеристика: грунтовочная краска на основе акриловой дисперсии с минеральным наполнителем для подготовки оснований перед выполнением декоративных штукатурок. Защищает основу, улучшает адгезию и препятствует появлению пятен на поверхности штукатурок. Расход: 0.2-0.3 кг / м. кв..",
	"desc2": "Время высыхания: 2-3 часа.",
	"desc3": "Начало эксплуатации: через 6 часов.",
	"desc4": "Температура высыхания работ: от +5° до + 30°.",
	"desc5": "Срок годности: 12 месяцев от даты изготовления.",
	"desc6": "Хранение: в плотно закрытой таре при температуре выше 0°. Не замораживать!",
	"desc7": "Меры безопасности: не сливать в канализацию и водоемы, утилизировать, как бытовые отходы. При попадании в глаза промыть водой.",
	"desc8": "Фасовка: 25 кг.",
	"desc9": "",
	"desc10": "",
	"desc11": "",
	"image1": "img/sl1.jpg",
	"image2": "img/sl2.jpg",
	"image3": "img/sl3.jpg",
	"image4": "img/sl4.jpg"
}