[
	{
		"number": "1",
		"img": "img/haos.jpg",
		"cat1": "1","cat2": "2","cat3": "","cat4": "",
		"height": "2636"
	},
	{
		"number": "2",
		"img": "img/luchi.jpg",
		"cat1": "","cat2": "2","cat3": "","cat4": ""
	},
	{
		"number": "3",
		"img": "img/marmos.jpg",
		"cat1": "","cat2": "2","cat3": "","cat4": ""
	},
	{
		"number": "4",
		"img": "img/fatura.jpg",
		"cat1": "","cat2": "2","cat3": "","cat4": ""
	},
	{
		"number": "5",
		"img": "img/grana.jpg",
		"cat1": "","cat2": "2","cat3": "","cat4": ""
	},
	{
		"number": "6",
		"img": "img/imperial.jpg",
		"cat1": "","cat2": "2","cat3": "","cat4": ""
	},
	{
		"number": "7",
		"img": "img/colorless.jpg",
		"cat1": "","cat2": "","cat3": "3","cat4": ""
	},
	{
		"number": "8",
		"img": "img/vosk.jpg",
		"cat1": "","cat2": "","cat3": "3","cat4": ""
	},
	{
		"number": "9",
		"img": "img/keramiks.jpg",
		"cat1": "","cat2": "","cat3": "3","cat4": ""
	},
	{
		"number": "10",
		"img": "img/velutto.jpg",
		"cat1": "","cat2": "","cat3": "3","cat4": ""
	},
	{
		"number": "11",
		"img": "img/mozaika.jpg",
		"cat1": "1","cat2": "","cat3": "","cat4": ""
	},
	{
		"number": "12",
		"img": "img/koroed.jpg",
		"cat1": "1","cat2": "","cat3": "","cat4": ""
	}
]