[
	{
		"id": "1",
		"img": "img/gallery/1.jpg"
	},
	{
		"id": "2",
		"img": "img/gallery/2.jpg"
	},
	{
		"id": "3",
		"img": "img/gallery/3.jpg"
	},
	{
		"id": "4",
		"img": "img/gallery/4.jpg"
	},
	{
		"id": "5",
		"img": "img/gallery/5.jpg"
	},
	{
		"id": "6",
		"img": "img/gallery/6.jpg"
	},
	{
		"id": "7",
		"img": "img/gallery/7.jpg"
	},
	{
		"id": "8",
		"img": "img/gallery/8.jpg"
	},
	{
		"id": "9",
		"img": "img/gallery/9.jpg"
	},
	{
		"id": "10",
		"img": "img/gallery/10.jpg"
	},
	{
		"id": "11",
		"img": "img/gallery/11.jpg"
	},
	{
		"id": "12",
		"img": "img/gallery/12.jpg"
	},
	{
		"id": "13",
		"img": "img/gallery/13.jpg"
	},
	{
		"id": "14",
		"img": "img/gallery/14.jpg"
	},
	{
		"id": "15",
		"img": "img/gallery/15.jpg"
	},
	{
		"id": "16",
		"img": "img/gallery/16.jpg"
	},
	{
		"id": "17",
		"img": "img/gallery/17.jpg"
	},
	{
		"id": "18",
		"img": "img/gallery/18.jpg"
	},
	{
		"id": "19",
		"img": "img/gallery/19.jpg"
	},
	{
		"id": "20",
		"img": "img/gallery/20.jpg"
	},
	{
		"id": "21",
		"img": "img/gallery/21.jpg"
	},
	{
		"id": "22",
		"img": "img/gallery/22.jpg"
	},
	{
		"id": "23",
		"img": "img/gallery/23.jpg"
	},
	{
		"id": "24",
		"img": "img/gallery/24.jpg"
	},
	{
		"id": "25",
		"img": "img/gallery/25.jpg"
	},
	{
		"id": "26",
		"img": "img/gallery/26.jpg"
	},
	{
		"id": "27",
		"img": "img/gallery/27.jpg"
	},
	{
		"id": "28",
		"img": "img/gallery/28.jpg"
	},
	{
		"id": "29",
		"img": "img/gallery/29.jpg"
	},
	{
		"id": "30",
		"img": "img/gallery/30.jpg"
	},
	{
		"id": "31",
		"img": "img/gallery/31.jpg"
	},
	{
		"id": "32",
		"img": "img/gallery/32.jpg"
	}
]