{
	"img1": "img/sl1.jpg",
	"img2": "img/sl2.jpg",
	"img3": "img/sl3.jpg",
	"img4": "img/sl4.jpg",
	"img5": "img/sl5.jpg",
	"img6": "img/sl6.jpg",
	"text": "Мы продаем различные виды декоративных штукатурок и красок для стен. В предлагаемых материалах, среди которых декоративные венецианские, структурные, фактурные, рельефные штукатурки , составы и краски для лессировки декоративных покрытий, в которых применены технологии и рецептуры лучших зарубежных производителей. Предлагаемые к продаже декоративные штукатурки и краски для стен перекрывают практически весь спектр возможных декоративных эффектов. Все декоративные штукатурки и краски для стен высокого качества не уступают лучшим зарубежным аналогам, но имеют значительно более низкие цены. Многие из предлагаемых декоративных штукатурок и красок очень удобны в использовании т.к. не требуют особых навыков в нанесении и применении. Поэтому могут быть использованы для самостоятельного нанесения, а для профессионалов значительно снизят трудозатраты. Декоративные штукатурки и краски для отделки стен получили всемирное применение благодаря возможностям получать эстетически неповторимый, оригинальный внешний вид отделки и декора интерьеров и фасадов. Эти материалы очень легки в уходе. Покрытия декоративных штукатурок обладают высокой износостойкостью, устойчивостью к ультрафиолетовым лучам и растворам солей, влагостойкостью. Декоративные штукатурки достаточно эластичны, легко противостоят небольшим деформациям стен, не образуют трещин.",
	"prosa": "Блажен всякий боящийся Господа, ходящий путями Его! Ты будешь есть от трудов рук твоих: блажен ты, и благо тебе! Жена твоя, как плодовитая лоза, в доме твоем; сыновья твои, как масличные ветви, вокруг трапезы твоей: так благословится человек, боящийся Господа! Благословит тебя Господь с Сиона, и увидишь благоденствие Иерусалима во все дни жизни твоей; увидишь сыновей у сыновей твоих. Мир на Израиля!(Украину)"
}