[
	{
		"id": "1",
		"img": "img/mozaika/1m1.jpg",
		"cat": "1"
	},
	{
		"id": "2",
		"img": "img/mozaika/1m2.jpg",
		"cat": "1"
	},
	{
		"id": "3",
		"img": "img/mozaika/1m3.jpg",
		"cat": "1"
	},
	{
		"id": "4",
		"img": "img/mozaika/1m4.jpg",
		"cat": "1"
	},
	{
		"id": "5",
		"img": "img/mozaika/1m5.jpg",
		"cat": "1"
	},
	{
		"id": "6",
		"img": "img/mozaika/1m6.jpg",
		"cat": "1"
	},
	{
		"id": "7",
		"img": "img/mozaika/1m7.jpg",
		"cat": "1"
	},
	{
		"id": "8",
		"img": "img/mozaika/1m8.jpg",
		"cat": "1"
	},
	{
		"id": "9",
		"img": "img/mozaika/2m1.jpg",
		"cat": "2"
	},
	{
		"id": "10",
		"img": "img/mozaika/2m2.jpg",
		"cat": "2"
	},
	{
		"id": "11",
		"img": "img/mozaika/2m3.jpg",
		"cat": "2"
	},
	{
		"id": "12",
		"img": "img/mozaika/2m4.jpg",
		"cat": "2"
	},
	{
		"id": "13",
		"img": "img/mozaika/2m5.jpg",
		"cat": "2"
	},
	{
		"id": "14",
		"img": "img/mozaika/2m6.jpg",
		"cat": "2"
	},
	{
		"id": "15",
		"img": "img/mozaika/2m7.jpg",
		"cat": "2"
	},
	{
		"id": "16",
		"img": "img/mozaika/2m8.jpg",
		"cat": "2"
	},
	{
		"id": "17",
		"img": "img/mozaika/2m9.jpg",
		"cat": "2"
	},
	{
		"id": "18",
		"img": "img/mozaika/2m10.jpg",
		"cat": "2"
	},
	{
		"id": "19",
		"img": "img/mozaika/2m11.jpg",
		"cat": "2"
	},
	{
		"id": "20",
		"img": "img/mozaika/2m12.jpg",
		"cat": "2"
	},
	{
		"id": "21",
		"img": "img/mozaika/1m9.jpg",
		"cat": "1"
	},
	{
		"id": "22",
		"img": "img/mozaika/1m10.jpg",
		"cat": "1"
	},
	{
		"id": "23",
		"img": "img/mozaika/1m11.jpg",
		"cat": "1"
	},
	{
		"id": "24",
		"img": "img/mozaika/1m12.jpg",
		"cat": "1"
	},
	{
		"id": "25",
		"img": "img/mozaika/1m13.jpg",
		"cat": "1"
	},
	{
		"id": "26",
		"img": "img/mozaika/1m14.jpg",
		"cat": "1"
	},
	{
		"id": "27",
		"img": "img/mozaika/1m15.jpg",
		"cat": "1"
	},
	{
		"id": "28",
		"img": "img/mozaika/1m16.jpg",
		"cat": "1"
	},
	{
		"id": "29",
		"img": "img/mozaika/1m17.jpg",
		"cat": "1"
	},
	{
		"id": "30",
		"img": "img/mozaika/1m18.jpg",
		"cat": "1"
	},
	{
		"id": "31",
		"img": "img/mozaika/1m19.jpg",
		"cat": "1"
	},
	{
		"id": "32",
		"img": "img/mozaika/1m20.jpg",
		"cat": "1"
	},
	{
		"id": "33",
		"img": "img/mozaika/1m21.jpg",
		"cat": "1"
	},
	{
		"id": "34",
		"img": "img/mozaika/1m22.jpg",
		"cat": "1"
	},
	{
		"id": "35",
		"img": "img/mozaika/1m23.jpg",
		"cat": "1"
	},
	{
		"id": "36",
		"img": "img/mozaika/1m24.jpg",
		"cat": "1"
	},
	{
		"id": "37",
		"img": "img/mozaika/1m25.jpg",
		"cat": "1"
	},
	{
		"id": "38",
		"img": "img/mozaika/1m26.jpg",
		"cat": "1"
	},
	{
		"id": "39",
		"img": "img/mozaika/1m27.jpg",
		"cat": "1"
	},
	{
		"id": "40",
		"img": "img/mozaika/1m28.jpg",
		"cat": "1"
	},
	{
		"id": "41",
		"img": "img/mozaika/2m13.jpg",
		"cat": "2"
	},
	{
		"id": "42",
		"img": "img/mozaika/2m14.jpg",
		"cat": "2"
	},
	{
		"id": "43",
		"img": "img/mozaika/2m15.jpg",
		"cat": "2"
	},
	{
		"id": "44",
		"img": "img/mozaika/2m16.jpg",
		"cat": "2"
	},
	{
		"id": "45",
		"img": "img/mozaika/2m17.jpg",
		"cat": "2"
	},
	{
		"id": "46",
		"img": "img/mozaika/2m18.jpg",
		"cat": "2"
	},
	{
		"id": "47",
		"img": "img/mozaika/2m19.jpg",
		"cat": "2"
	},
	{
		"id": "48",
		"img": "img/mozaika/2m20.jpg",
		"cat": "2"
	},
	{
		"id": "49",
		"img": "img/mozaika/2m21.jpg",
		"cat": "2"
	},
	{
		"id": "50",
		"img": "img/mozaika/2m22.jpg",
		"cat": "2"
	},
	{
		"id": "51",
		"img": "img/mozaika/2m23.jpg",
		"cat": "2"
	},
	{
		"id": "52",
		"img": "img/mozaika/2m24.jpg",
		"cat": "2"
	},
	{
		"id": "53",
		"img": "img/mozaika/2m25.jpg",
		"cat": "2"
	},
	{
		"id": "54",
		"img": "img/mozaika/2m26.jpg",
		"cat": "2"
	},
	{
		"id": "55",
		"img": "img/mozaika/2m27.jpg",
		"cat": "2"
	},
	{
		"id": "56",
		"img": "img/mozaika/2m28.jpg",
		"cat": "2"
	}
]