[
	{
		"number": "1",
		"name": "Луччи (декоративное покрытие с эффектом шелковой тканини)",
		"razhod": "7-9 м.кв/л",
		"fasovka": "1 л",
		"price": "460,00"
	},
	{
		"number": "2",
		"name": "Луччи Империал (декоративное покрытие c эффектом шелка, насыщенные базы)",
		"razhod": "7-9 м.кв/л",
		"fasovka": "1 л",
		"price": "690,00"
	},
	{
		"number": "3",
		"name": "Фатура (рельефное декоративное покрытие c перламутровым эффектом)",
		"razhod": "3-4 м.кв/л",
		"fasovka": "1 л",
		"price": "370,00"
	},
	{
		"number": "4",
		"name": "Фатура Империал (насыщенные базы)",
		"razhod": "3-4 м.кв/л",
		"fasovka": "1 л",
		"price": "530,00"
	},
	{
		"number": "5",
		"name": "Фатура Стекляриус (декоративное покрытие с перламутровым эффектом с добавлением стеклянных частичек)",
		"razhod": "3-4 м.кв/л",
		"fasovka": "1 л",
		"price": "460,00"
	},
	{
		"number": "6",
		"name": "Фатура Империал Стекляриус (декоративное покрытие с перламутровым эффектом с добавлением стеклянных частичек)",
		"razhod": "3-4 м.кв/л",
		"fasovka": "1 л",
		"price": "620,00"
	},
	{
		"number": "7",
		"name": "Грана (перламутровая текстура с кварцевыми частичками)",
		"razhod": "5-7 м.кв/л",
		"fasovka": "1 л",
		"price": "350,00"
	},
	{
		"number": "8",
		"name": "Грана Империал (насыщенные базы)",
		"razhod": "5-7 м.кв/л",
		"fasovka": "1 л",
		"price": "460,00"
	},
	{
		"number": "9",
		"name": "Грана Стекляриус (перламутровая текстура со стеклянными частичками)",
		"razhod": "5-7 м.кв/л",
		"fasovka": "1 л",
		"price": "440,00"
	},
	{
		"number": "10",
		"name": "Грана Империал Стекляриус (перламутровая текстура со стеклянными частичками,насыщенные базы)",
		"razhod": "5-7 м.кв/л",
		"fasovka": "1 л",
		"price": "550,00"
	},
	{
		"number": "11",
		"name": "Лак бесцветный глянцевый (защитное покрытие)",
		"razhod": "8-10 м.кв/л",
		"fasovka": "1 л",
		"price": "140,00"
	},
	{
		"number": "12",
		"name": "Лак бесцветный матовый (защитное покрытие)",
		"razhod": "8-10 м.кв/л",
		"fasovka": "1 л",
		"price": "190,00"
	}
]