{
  "type": "menu",
  "currency": "$",
  "products": [
    {
      "id": "5411e8a4e6e8767bf6dc788c",
      "name": "Rodeology",
      "price": 1.13,
      "tax": 0.7,
      "quantity": 17
    },
    {
      "id": "5411e8a441b3846e3bc3ed21",
      "name": "Biotica",
      "price": 22.89,
      "tax": 2.85,
      "quantity": 11
    },
    {
      "id": "5411e8a4c7e3c12f387c6efb",
      "name": "Billmed",
      "price": 30.7,
      "tax": 2,
      "quantity": 19
    },
    {
      "id": "5411e8a437f97fd3642a7452",
      "name": "Webiotic",
      "price": 27.92,
      "tax": 2.89,
      "quantity": 21
    },
    {
      "id": "5411e8a4b562fe1250cebc5e",
      "name": "Centregy",
      "price": 39.02,
      "tax": 1.2,
      "quantity": 12
    },
    {
      "id": "5411e8a42ef735743bb9890f",
      "name": "Poshome",
      "price": 15.53,
      "tax": 1.76,
      "quantity": 20
    },
    {
      "id": "5411e8a496897f130a33d3ab",
      "name": "Photobin",
      "price": 26.58,
      "tax": 2.17,
      "quantity": 23
    },
    {
      "id": "5411e8a434ab4daace4272e3",
      "name": "Pathways",
      "price": 33.52,
      "tax": 2.85,
      "quantity": 21
    },
    {
      "id": "5411e8a426eb353108acee03",
      "name": "Xurban",
      "price": 35.76,
      "tax": 1.46,
      "quantity": 17
    },
    {
      "id": "5411e8a453fc3a49e2aad3f0",
      "name": "Trasola",
      "price": 17.81,
      "tax": 0.33,
      "quantity": 10
    },
    {
      "id": "5411e8a4ace321dd77c036a7",
      "name": "Eyewax",
      "price": 17.86,
      "tax": 0.11,
      "quantity": 13
    },
    {
      "id": "5411e8a4cdb7eed897b1b66d",
      "name": "Dymi",
      "price": 4.4,
      "tax": 1.48,
      "quantity": 17
    },
    {
      "id": "5411e8a49e9cf90878e98d48",
      "name": "Lotron",
      "price": 12.81,
      "tax": 1.2,
      "quantity": 19
    },
    {
      "id": "5411e8a4e1189219f2fe034f",
      "name": "Ewaves",
      "price": 15.37,
      "tax": 0.42,
      "quantity": 10
    },
    {
      "id": "5411e8a44b3dd874c044ee2f",
      "name": "Satiance",
      "price": 2.77,
      "tax": 0.02,
      "quantity": 21
    },
    {
      "id": "5411e8a409b6fba0ae512a73",
      "name": "Mantro",
      "price": 24.96,
      "tax": 2.7,
      "quantity": 14
    },
    {
      "id": "5411e8a48820846c5a1ddcd8",
      "name": "Vicon",
      "price": 14.95,
      "tax": 0.66,
      "quantity": 10
    },
    {
      "id": "5411e8a428226cbd9c39cd0b",
      "name": "Progenex",
      "price": 20.59,
      "tax": 2.28,
      "quantity": 21
    },
    {
      "id": "5411e8a40eb09ec34a2a15f2",
      "name": "Darwinium",
      "price": 34.41,
      "tax": 2.11,
      "quantity": 11
    },
    {
      "id": "5411e8a4a48b754136b6ebd6",
      "name": "Zoid",
      "price": 31.14,
      "tax": 0.95,
      "quantity": 17
    },
    {
      "id": "5411e8a4c3f32b5a424f3654",
      "name": "Plasmox",
      "price": 33.17,
      "tax": 2.7,
      "quantity": 20
    },
    {
      "id": "5411e8a4da3103016ad055cf",
      "name": "Veraq",
      "price": 29.78,
      "tax": 2.89,
      "quantity": 18
    },
    {
      "id": "5411e8a41b47537e463e1a80",
      "name": "Techade",
      "price": 20.8,
      "tax": 2.97,
      "quantity": 20
    },
    {
      "id": "5411e8a406e828908c45bfc7",
      "name": "Quilch",
      "price": 6.5,
      "tax": 2.9,
      "quantity": 14
    },
    {
      "id": "5411e8a47a4a9a4ea2ecccc1",
      "name": "Austech",
      "price": 9.32,
      "tax": 1.98,
      "quantity": 13
    },
    {
      "id": "5411e8a4eef083abaf02f02c",
      "name": "Corpulse",
      "price": 16.85,
      "tax": 1.08,
      "quantity": 14
    },
    {
      "id": "5411e8a49a5c03eeaa9d440b",
      "name": "Musaphics",
      "price": 11.95,
      "tax": 2.4,
      "quantity": 10
    },
    {
      "id": "5411e8a4128b10c770f4b7e9",
      "name": "Scentric",
      "price": 32.92,
      "tax": 1.45,
      "quantity": 11
    },
    {
      "id": "5411e8a4ab6a13284a9289a7",
      "name": "Frosnex",
      "price": 25.51,
      "tax": 1.82,
      "quantity": 20
    },
    {
      "id": "5411e8a4eaed8117d0d8929e",
      "name": "Zogak",
      "price": 26.83,
      "tax": 1.29,
      "quantity": 17
    },
    {
      "id": "5411e8a43eb04568a7f4df24",
      "name": "Buzzopia",
      "price": 16.41,
      "tax": 0.83,
      "quantity": 14
    },
    {
      "id": "5411e8a452fe81a71472229f",
      "name": "Medicroix",
      "price": 6.93,
      "tax": 2.95,
      "quantity": 13
    },
    {
      "id": "5411e8a42fac5f4997768998",
      "name": "Lyrichord",
      "price": 12.04,
      "tax": 2.31,
      "quantity": 12
    },
    {
      "id": "5411e8a49d17a2ffd9853d2d",
      "name": "Incubus",
      "price": 20.39,
      "tax": 1.3,
      "quantity": 12
    },
    {
      "id": "5411e8a4c405cd96d1fc43f2",
      "name": "Zipak",
      "price": 23.9,
      "tax": 2.22,
      "quantity": 18
    },
    {
      "id": "5411e8a4ea049c6b73fa7d49",
      "name": "Zensor",
      "price": 6.64,
      "tax": 0.75,
      "quantity": 16
    },
    {
      "id": "5411e8a402b71fa3eaddf804",
      "name": "Ziggles",
      "price": 31.8,
      "tax": 0.29,
      "quantity": 15
    },
    {
      "id": "5411e8a491374c93285c1179",
      "name": "Comdom",
      "price": 38.57,
      "tax": 2.93,
      "quantity": 20
    },
    {
      "id": "5411e8a40b7629102c76a696",
      "name": "Eventage",
      "price": 6.19,
      "tax": 1.92,
      "quantity": 13
    },
    {
      "id": "5411e8a4102f91a29e7ae2dd",
      "name": "Lingoage",
      "price": 10.05,
      "tax": 2.09,
      "quantity": 19
    },
    {
      "id": "5411e8a4613590d57cba491f",
      "name": "Viasia",
      "price": 3.38,
      "tax": 0.73,
      "quantity": 21
    },
    {
      "id": "5411e8a47c6bbee6e6a87d55",
      "name": "Cablam",
      "price": 33.68,
      "tax": 0.23,
      "quantity": 22
    },
    {
      "id": "5411e8a46409e191a8b80cc7",
      "name": "Techtrix",
      "price": 15.42,
      "tax": 0.81,
      "quantity": 20
    },
    {
      "id": "5411e8a4b6968c5d23dfc5be",
      "name": "Sensate",
      "price": 7.2,
      "tax": 1.46,
      "quantity": 23
    },
	{
      "id": "5411e8a4b6968c5d23dfc5bq",
      "name": "Sensatekq",
      "price": 7.4,
      "tax": 1.55,
      "quantity": 23
    },
	{
      "id": "5411e8a4b6968c5d23dfc5jq",
      "name": "Sensatekqgh",
      "price": 7.4,
      "tax": 1.55,
      "quantity": 23
    },
	{
      "id": "5411e8k4b6968c5d23dfc5jq",
      "name": "Sensatekqghjh",
      "price": 7.4,
      "tax": 1.55,
      "quantity": 23
    },
	{
      "id": "5411e8a4b6968c5d23dfc5bk",
      "name": "Sensatek",
      "price": 7.5,
      "tax": 1.55,
      "quantity": 23
    },
    {
      "id": "5411e8a42717c58ed9db8ddf",
      "name": "Elpro",
      "price": 18.67,
      "tax": 2.33,
      "quantity": 11
    }
  ]
}
