{
  "type": "menu",
  "currency": "$",
  "products": [
  {
      "name": "Tim Robbins",
	  "img": "filles/imagesv/av52.jpg"
    },
	{
      "name": "Tom Hanks",
	  "img": "filles/imagesv/av51.jpg"
    },
    {
      "name": "Alexander Demyanenko",
	  "img": "filles/imagesv/av50.jpg"
    },
    {
      "name": "Ashton Kutcher",
	  "img": "filles/imagesv/av49.jpg"
    },
    {
      "name": "Michael Fassbender",
	  "img": "filles/imagesv/av48.jpg"
    },
    {
      "name": "Leonardo DiCaprio",
	  "img": "filles/imagesv/av47.jpg"
    },
    {
      "name": "Matthew McConaughey",
	  "img": "filles/imagesv/av46.jpg"
    },
    {
      "name": "Lily Collins",
	  "img": "filles/imagesv/av45.jpg"
    },
    {
      "name": "Vin Diesel",
	  "img": "filles/imagesv/av44.jpg"
    },
    {
      "name": "Sam Rockwell",
	  "img": "filles/imagesv/av43.jpg"
    },
    {
      "id": "5411e8a4ace321dd77c036a7",
      "name": "Actor",
	  "img": "filles/imagesv/av49.jpg",
	  "time": "00:32:38",
	  "new": false,
	  "news": true,
	  "top": false,
	  "tops": true
    },
    {
      "id": "5411e8a4cdb7eed897b1b66d",
      "name": "Actor",
	  "img": "filles/imagesv/av49.jpg",
	  "time": "00:32:38",
	  "new": false,
	  "news": true,
	  "top": false,
	  "tops": true
    },
    {
      "id": "5411e8a49e9cf90878e98d48",
      "name": "Actor",
	  "img": "filles/imagesv/av49.jpg",
	  "time": "00:32:38",
	  "new": false,
	  "news": true,
	  "top": false,
	  "tops": true
    },
    {
      "id": "5411e8a4e1189219f2fe034f",
      "name": "Actor",
	  "img": "filles/imagesv/av49.jpg",
	  "time": "00:32:38",
	  "new": false,
	  "news": true,
	  "top": false,
	  "tops": true
    },
    {
      "id": "5411e8a44b3dd874c044ee2f",
      "name": "Actor",
	  "img": "filles/imagesv/av49.jpg",
	  "time": "00:32:38",
	  "new": false,
	  "news": true,
	  "top": false,
	  "tops": true
    },
    {
      "id": "5411e8a409b6fba0ae512a73",
      "name": "Actor",
	  "img": "filles/imagesv/av49.jpg",
	  "time": "00:32:38",
	  "new": false,
	  "news": true,
	  "top": false,
	  "tops": true
    },
    {
      "id": "5411e8a48820846c5a1ddcd8",
      "name": "Actor",
	  "img": "filles/imagesv/av49.jpg",
	  "time": "00:32:38",
	  "new": false,
	  "news": true,
	  "top": false,
	  "tops": true
    },
    {
      "id": "5411e8a428226cbd9c39cd0b",
      "name": "Actor",
	  "img": "filles/imagesv/av49.jpg",
	  "time": "00:32:38",
	  "new": false,
	  "news": true,
	  "top": false,
	  "tops": true
    },
    {
      "id": "5411e8a40eb09ec34a2a15f2",
      "name": "Actor",
	  "img": "filles/imagesv/av49.jpg",
	  "time": "00:32:38",
	  "new": false,
	  "news": true,
	  "top": false,
	  "tops": true
    },
    {
      "id": "5411e8a4a48b754136b6ebd6",
      "name": "Actor",
	  "img": "filles/imagesv/av49.jpg",
	  "time": "00:32:38",
	  "new": false,
	  "news": true,
	  "top": false,
	  "tops": true
    },
    {
      "id": "5411e8a4c3f32b5a424f3654",
      "name": "Actor",
	  "img": "filles/imagesv/av49.jpg",
	  "time": "00:32:38",
	  "new": false,
	  "news": true,
	  "top": false,
	  "tops": true
    },
    {
      "id": "5411e8a4da3103016ad055cf",
      "name": "Actor",
	  "img": "filles/imagesv/av49.jpg",
	  "time": "00:32:38",
	  "new": false,
	  "news": true,
	  "top": false,
	  "tops": true
    },
    {
      "id": "5411e8a41b47537e463e1a80",
      "name": "Actor",
	  "img": "filles/imagesv/av49.jpg",
	  "time": "00:32:38",
	  "new": false,
	  "news": true,
	  "top": false,
	  "tops": true
    },
    {
      "id": "5411e8a406e828908c45bfc7",
      "name": "Actor",
	  "img": "filles/imagesv/av49.jpg",
	  "time": "00:32:38",
	  "new": false,
	  "news": true,
	  "top": false,
	  "tops": true
    },
    {
      "id": "5411e8a47a4a9a4ea2ecccc1",
      "name": "Actor",
	  "img": "filles/imagesv/av49.jpg",
	  "time": "00:32:38",
	  "new": false,
	  "news": true,
	  "top": false,
	  "tops": true
    },
    {
      "id": "5411e8a4eef083abaf02f02c",
      "name": "Actor",
	  "img": "filles/imagesv/av49.jpg",
	  "time": "00:32:38",
	  "new": false,
	  "news": true,
	  "top": false,
	  "tops": true
    },
    {
      "id": "5411e8a49a5c03eeaa9d440b",
      "name": "Actor",
	  "img": "filles/imagesv/av49.jpg",
	  "time": "00:32:38",
	  "new": false,
	  "news": true,
	  "top": false,
	  "tops": true
    },
    {
      "id": "5411e8a4128b10c770f4b7e9",
      "name": "Actor",
	  "img": "filles/imagesv/av49.jpg",
	  "time": "00:32:38",
	  "new": false,
	  "news": false,
	  "top": false,
	  "tops": false
    },
    {
      "id": "5411e8a4ab6a13284a9289a7",
      "name": "Actor",
	  "img": "filles/imagesv/av49.jpg",
	  "time": "00:32:38",
	  "new": false,
	  "news": false,
	  "top": false,
	  "tops": false
    },
    {
      "id": "5411e8a4eaed8117d0d8929e",
      "name": "Actor",
	  "img": "filles/imagesv/av49.jpg",
	  "time": "00:32:38",
	  "new": false,
	  "news": false,
	  "top": false,
	  "tops": false
    },
    {
      "id": "5411e8a43eb04568a7f4df24",
      "name": "Actor",
	  "img": "filles/imagesv/av49.jpg",
	  "time": "00:32:38",
	  "new": false,
	  "news": false,
	  "top": false,
	  "tops": false
    },
    {
      "id": "5411e8a452fe81a71472229f",
      "name": "Actor",
	  "img": "filles/imagesv/av49.jpg",
	  "time": "00:32:38",
	  "new": false,
	  "news": false,
	  "top": false,
	  "tops": false
    },
    {
      "id": "5411e8a42fac5f4997768998",
      "name": "Actor",
	  "img": "filles/imagesv/av49.jpg",
	  "time": "00:32:38",
	  "new": false,
	  "news": false,
	  "top": false,
	  "tops": false
    },
    {
      "id": "5411e8a49d17a2ffd9853d2d",
      "name": "Actor",
	  "img": "filles/imagesv/av49.jpg",
	  "time": "00:32:38",
	  "new": false,
	  "news": false,
	  "top": false,
	  "tops": false
    },
    {
      "id": "5411e8a4c405cd96d1fc43f2",
      "name": "Actor",
	  "img": "filles/imagesv/av49.jpg",
	  "time": "00:32:38",
	  "new": false,
	  "news": false,
	  "top": false,
	  "tops": false
    },
    {
      "id": "5411e8a4ea049c6b73fa7d49",
      "name": "Actor",
	  "img": "filles/imagesv/av49.jpg",
	  "time": "00:32:38",
	  "new": false,
	  "news": false,
	  "top": false,
	  "tops": false
    },
    {
      "id": "5411e8a402b71fa3eaddf804",
      "name": "Actor",
	  "img": "filles/imagesv/av49.jpg",
	  "time": "00:32:38",
	  "new": false,
	  "news": false,
	  "top": false,
	  "tops": false
    },
    {
      "id": "5411e8a491374c93285c1179",
      "name": "Actor",
	  "img": "filles/imagesv/av49.jpg",
	  "time": "00:32:38",
	  "new": false,
	  "news": false,
	  "top": false,
	  "tops": false
    },
    {
      "id": "5411e8a40b7629102c76a696",
      "name": "Actor",
	  "img": "filles/imagesv/av49.jpg",
	  "time": "00:32:38",
	  "new": false,
	  "news": false,
	  "top": false,
	  "tops": false
    },
    {
      "id": "5411e8a4102f91a29e7ae2dd",
      "name": "Actor",
	  "img": "filles/imagesv/av49.jpg",
	  "time": "00:32:38",
	  "new": false,
	  "news": false,
	  "top": false,
	  "tops": false
    },
    {
      "id": "5411e8a4613590d57cba491f",
      "name": "Actor",
	  "img": "filles/imagesv/av49.jpg",
	  "time": "00:32:38",
	  "new": false,
	  "news": false,
	  "top": false,
	  "tops": false
    },
    {
      "id": "5411e8a47c6bbee6e6a87d55",
      "name": "Actor",
	  "img": "filles/imagesv/av49.jpg",
	  "time": "00:32:38",
	  "new": false,
	  "news": false,
	  "top": false,
	  "tops": false
    },
    {
      "id": "5411e8a46409e191a8b80cc7",
      "name": "Actor",
	  "img": "filles/imagesv/av49.jpg",
	  "time": "00:32:38",
	  "new": false,
	  "news": false,
	  "top": false,
	  "tops": false
    },
    {
      "id": "5411e8a4b6968c5d23dfc5be",
      "name": "Actor",
	  "img": "filles/imagesv/av49.jpg",
	  "time": "00:32:38",
	  "new": false,
	  "news": false,
	  "top": false,
	  "tops": false
    },
	{
      "id": "5411e8a4b6968c5d23dfc5bq",
      "name": "Actor",
	  "img": "filles/imagesv/av49.jpg",
	  "time": "00:32:38",
	  "new": false,
	  "news": false,
	  "top": false,
	  "tops": false
    },
	{
      "id": "5411e8a4b6968c5d23dfc5jq",
      "name": "Actor",
	  "img": "filles/imagesv/av49.jpg",
	  "time": "00:32:38",
	  "new": false,
	  "news": false,
	  "top": false,
	  "tops": false
    },
	{
      "id": "5411e8k4b6968c5d23dfc5jq",
      "name": "Actor",
	  "img": "filles/imagesv/av49.jpg",
	  "time": "00:32:38",
	  "new": false,
	  "news": false,
	  "top": false,
	  "tops": false
    },
	{
      "id": "5411e8a4b6968c5d23dfc5bk",
      "name": "Actor",
	  "img": "filles/imagesv/av49.jpg",
	  "time": "00:32:38",
	  "new": false,
	  "news": false,
	  "top": false,
	  "tops": false
    },
	{
      "id": "5781e8a4b6968c5d23dfc5bk",
      "name": "Actor",
	  "img": "filles/imagesv/av49.jpg",
	  "time": "00:32:38",
	  "new": false,
	  "news": false,
	  "top": false,
	  "tops": false
    },
	{
      "id": "5781ei84b6968c5d23dfc5bk",
      "name": "Actor",
	  "img": "filles/imagesv/av49.jpg",
	  "time": "00:32:38",
	  "new": false,
	  "news": false,
	  "top": false,
	  "tops": false
    },
	{
      "id": "5781ei84b6968c5d23dfciuy",
      "name": "Actor",
	  "img": "filles/imagesv/av49.jpg",
	  "time": "00:32:38",
	  "new": false,
	  "news": false,
	  "top": false,
	  "tops": false
    },
    {
      "id": "v52",
      "name": "Actor",
	  "img": "filles/imagesv/av49.jpg",
	  "time": "00:32:38",
	  "new": false,
	  "news": false,
	  "top": false,
	  "tops": false
    }
  ]
}