{
  "type": "menu",
  "currency": "$",
  "products": [
  {
      "id": "v52",
      "name": "Побег из Шоушенка",
	  "mdesc": "В основу культовой драмы «Побег из Шоушенка» легла повесть Стивена Кинга «Рита Хейуорт из Шоушенка».",
	  "img": "filles/imagesv/v52.jpg",
	  "time": "02:22:33",
	  "new": true,
	  "top": false,
	  "cat1": "Криминал","cat2": "","cat3": "","cat4": "","cat5": "","cat6": "","cat7": "Драмы","cat8": "","cat9": "","cat10": "","cat11": "","cat12": "","cat13": "","cat14": "",
	  "actor": "Tim Robbins",
	  "producer": "Frank Darabont"
    },
	{
      "id": "v51",
      "name": "Зеленая миля",
	  "mdesc": "Культовая драма «Зеленая миля» снята по одноименному роману Стивена Кинга. Действия фильма разворачиваются в тюрьме «Холодная Гора». В блок поступил заключеный.",
	  "img": "filles/imagesv/v51.jpg",
	  "time": "03:08:38",
	  "new": false,
	  "top": true,
	  "cat1": "Криминал","cat2": "Фантастика","cat3": "","cat4": "","cat5": "","cat6": "","cat7": "Драмы","cat8": "","cat9": "","cat10": "","cat11": "Детективы","cat12": "","cat13": "","cat14": "Фэнтези",
	  "actor": "Tom Hanks",
	  "producer": "Frank Darabont"
    },
    {
      "id": "v50",
      "name": "Иван Васильевич меняет профессию",
	  "mdesc": "Фантастическая советская кинокомедия «Иван Васильевич меняет профессию»от киностудии «Мосфильм», в свое время собрала 60 миллионов зрителей.",
	  "img": "filles/imagesv/v50.jpg",
	  "time": "01:28:15",
	  "new": false,
	  "top": true,
	  "cat1": "","cat2": "Фантастика","cat3": "","cat4": "","cat5": "Приключения","cat6": "Комедии","cat7": "","cat8": "","cat9": "","cat10": "","cat11": "","cat12": "","cat13": "","cat14": "",	  
	  "actor": "Alexander Demyanenko",
	  "producer": "Leonid Gaidai"
    },
    {
      "id": "v49",
      "name": "Эффект бабочки",
	  "mdesc": "Сюжет фантастического триллера «Эффект бабочки» основан на одноименном термине, используемом в естественных науках. Главный герой фильма – Эван, с самого детства страдал.",
	  "img": "filles/imagesv/v49.jpg",
	  "time": "01:53:38",
	  "new": false,
	  "top": true,
	  "cat1": "","cat2": "Фантастика","cat3": "","cat4": "","cat5": "","cat6": "","cat7": "","cat8": "","cat9": "","cat10": "","cat11": "","cat12": "","cat13": "Триллеры","cat14": "",
	  "actor": "Ashton Kutcher",
	  "producer": "Eric Bress"
    },
    {
      "id": "v48",
      "name": "Чужой: Завет",
	  "mdesc": "Этот увлекательный научно-фантастический фильм с элементами ужасов и драмы является шестым эпизодом о Ксеноморфах и приквелом всей истории, посвященной Чужим.",
	  "img": "filles/imagesv/v48.jpg",
	  "time": "02:02:38",
	  "new": false,
	  "top": true,
	  "cat1": "","cat2": "Фантастика","cat3": "Ужасы","cat4": "","cat5": "","cat6": "","cat7": "","cat8": "","cat9": "","cat10": "","cat11": "","cat12": "","cat13": "Триллеры","cat14": "",
	  "actor": "Michael Fassbender",
	  "producer": "Ridley Scott"
    },
    {
      "id": "v47",
      "name": "Начало",
      "mdesc": "Мы привыкли, что в нашем понимании вор – это человек способный украсть какие-то ценности или деньги. Сюжет фантастического боевика «Начало» рассказывает о ворах.",
	  "img": "filles/imagesv/v47.jpg",
	  "time": "02:28:18",
	  "new": false,
	  "top": true,
	  "cat1": "","cat2": "Фантастика","cat3": "","cat4": "Боевики","cat5": "","cat6": "","cat7": "Драмы","cat8": "","cat9": "","cat10": "","cat11": "Детективы","cat12": "","cat13": "Триллеры","cat14": "",
	  "actor": "Leonardo DiCaprio",
	  "producer": "Christopher Nolan"
    },
    {
      "id": "v46",
      "name": "Интерстеллар",
      "mdesc": "Действие фильма «Интерстеллар» происходит в недалеком будущем. Климат на Земле существенно изменился, а высокая концентрация азота скоро приведет к гибели людей.",
	  "img": "filles/imagesv/v46.jpg",
	  "time": "02:49:09",
	  "new": false,
	  "top": false,
	  "cat1": "","cat2": "Фантастика","cat3": "","cat4": "","cat5": "Приключения","cat6": "","cat7": "Драмы","cat8": "","cat9": "","cat10": "","cat11": "","cat12": "","cat13": "","cat14": "",
	  "actor": "Matthew McConaughey",
	  "producer": "Christopher Nolan"
    },
    {
      "id": "v45",
      "name": "Форрест Гамп",
      "mdesc": "Драматическая картина «Форрест Гамп» снята по мотивам одноименного романа Уинстона Грума. Сюжет фильма рассказывает об увлекательной жизни парня по имени Фореста Гампа.",
	  "img": "filles/imagesv/v45.jpg",
	  "time": "02:22:38",
	  "new": false,
	  "top": false,
	  "cat1": "","cat2": "","cat3": "","cat4": "","cat5": "","cat6": "","cat7": "Драмы","cat8": "Мелодрамы","cat9": "","cat10": "","cat11": "","cat12": "","cat13": "","cat14": "",
	  "actor": "Tom Hanks",
	  "producer": "Robert Zemeckis"
    },
    {
      "id": "v44",
      "name": "Орудия смерти: Город костей",
      "mdesc": "Однажды героиня фильма «Орудия смерти: Город костей», юная Клэри Фрэй, становиться случайным свидетелем убийства. Это происшествие становится толчком к чреде необъяснимых событий.",
	  "img": "filles/imagesv/v44.jpg",
	  "time": "02:02:40",
	  "new": false,
	  "top": false,
	  "cat1": "","cat2": "","cat3": "","cat4": "Боевики","cat5": "Приключения","cat6": "","cat7": "Драмы","cat8": "Мелодрамы","cat9": "","cat10": "","cat11": "Детективы","cat12": "","cat13": "","cat14": "Фэнтези",
	  "actor": "Lily Collins",
	  "producer": "Harald Zwart"
    },
    {
      "id": "v43",
      "name": "Последний охотник на ведьм",
      "mdesc": "В далёкое и мрачное средневековье, когда над человечеством нависла угроза уничтожения из-за смертоносной чумы, свирепствовавшей повсюду, люди заподозрили, что виновниками опасной заразы являются ведьмы.",
	  "img": "filles/imagesv/v43.jpg",
	  "time": "01:46:10",
	  "new": false,
	  "top": false,
	  "cat1": "","cat2": "","cat3": "","cat4": "Боевики","cat5": "Приключения","cat6": "","cat7": "","cat8": "","cat9": "","cat10": "","cat11": "","cat12": "","cat13": "","cat14": "Фэнтези",
	  "actor": "Vin Diesel",
	  "producer": "Breck Eisner"
    },
    {
      "id": "v42",
      "name": "Время ведьм",
      "mdesc": "Действия приключенческого боевика «Время ведьм» разворачиваются во времена свирепой чумы в Европе еще в XIV веке. Массы людей гибнут от невиданной ранее болезни, виновницей которой считают молодую девушку.",
	  "img": "filles/imagesv/v42.jpg",
	  "time": "01:33:19",
	  "new": false,
	  "top": false,
	  "cat1": "","cat2": "","cat3": "","cat4": "Боевики","cat5": "Приключения","cat6": "","cat7": "","cat8": "","cat9": "","cat10": "","cat11": "","cat12": "","cat13": "","cat14": "Фэнтези",
	  "actor": "Nicolas Cage",
	  "producer": "Dominic Sena"
    },
    {
      "id": "v41",
      "name": "Монстры",
      "mdesc": "Кинолента «Монстры» («Monsters») была снята английским режиссером Гаретом Эдвардсом в 2010 году. Жанр фильма сочетает в себе элементы фантастики, триллера и драмы.",
	  "img": "filles/imagesv/v41.jpg",
	  "time": "01:34:19",
	  "new": false,
	  "top": false,
	  "cat1": "","cat2": "Фантастика","cat3": "","cat4": "","cat5": "","cat6": "","cat7": "Драмы","cat8": "","cat9": "","cat10": "","cat11": "","cat12": "","cat13": "Триллеры","cat14": "",
	  "actor": "Scoot McNairy",
	  "producer": "Gareth Edwards"
    },
    {
      "id": "v40",
      "name": "Земля вампиров",
      "mdesc": "Фильм «Земля вампиров» (Stake Land) нельзя полностью отнести к жанру зомби-хоррор. На фоне постапокалиптических картин растерзанного вампирами мира развивается более глубокий сюжет.",
	  "img": "filles/imagesv/v40.jpg",
	  "time": "01:38:19",
	  "new": false,
	  "top": false,
	  "cat1": "","cat2": "Фантастика","cat3": "Ужасы","cat4": "","cat5": "","cat6": "","cat7": "Драмы","cat8": "","cat9": "","cat10": "","cat11": "","cat12": "","cat13": "","cat14": "",
	  "actor": "Connor Paolo",
	  "producer": "Jim Mickle"
    },
    {
      "id": "v39",
      "name": "Носители",
      "mdesc": "Кинофильм «Носители» («Carriers») был создан в 2009 году американскими кинематографистами. Режиссерами фильма стали Алекс и Дэвид Пастор.",
	  "img": "filles/imagesv/v39.jpg",
	  "time": "01:24:19",
	  "new": false,
	  "top": false,
	  "cat1": "","cat2": "Фантастика","cat3": "Ужасы","cat4": "","cat5": "","cat6": "","cat7": "Драмы","cat8": "","cat9": "","cat10": "","cat11": "","cat12": "","cat13": "Триллеры","cat14": "",
	  "actor": "Lou Taylor Pucci",
	  "producer": "David Pastor"
    },
    {
      "id": "v38",
      "name": "Дитя человеческое",
      "mdesc": "«Дитя человеческое» (Children of Men) - снят по мотивам одноименного романа Ф.Д. Джеймса. Недалекое будущее, уже почти два десятка лет на Земле не рождаются дети.",
	  "img": "filles/imagesv/v38.jpg",
	  "time": "01:44:19",
	  "new": false,
	  "top": false,
	  "cat1": "","cat2": "Фантастика","cat3": "","cat4": "","cat5": "","cat6": "","cat7": "Драмы","cat8": "","cat9": "","cat10": "","cat11": "","cat12": "","cat13": "Триллеры","cat14": "",
	  "actor": "Clive Owen",
	  "producer": "Alfonso Cuaron"
    },
    {
      "id": "v37",
      "name": "Уолл Стрит: Деньги не спят",
      "mdesc": "﻿Появление сиквела всегда ожидается с любопытством и некоторой опаской, особенно если оригинал был своего рода эталоном в жанре.",
	  "img": "filles/imagesv/v37.jpg",
	  "time": "02:07:19",
	  "new": false,
	  "top": false,
	  "cat1": "","cat2": "","cat3": "","cat4": "","cat5": "","cat6": "","cat7": "Драмы","cat8": "Мелодрамы","cat9": "","cat10": "","cat11": "","cat12": "","cat13": "","cat14": "",
	  "actor": "Michael Douglas",
	  "producer": "Oliver Stone"
    },
    {
      "id": "v36",
      "name": "Луна 2112",
	  "img": "filles/imagesv/v36.jpg",
	  "time": "01:37:08",
	  "new": false,
	  "top": false,
	  "cat1": "","cat2": "Фантастика","cat3": "","cat4": "","cat5": "","cat6": "","cat7": "Драмы","cat8": "","cat9": "","cat10": "","cat11": "","cat12": "","cat13": "","cat14": "",
	  "actor": "Sam Rockwell",
	  "producer": "Duncan Jones"
    },
    {
      "id": "5411e8a428226cbd9c39cd0b",
      "name": "Film",
	  "img": "filles/imagesv/v46.png",
	  "time": "00:32:38",
	  "new": false,
	  "news": true,
	  "top": false,
	  "tops": true,
	  "cat1": "Классический","cat2": "Анал","cat3": "Минет","cat4": "Групповуха","cat5": "Сквиртинг","cat6": "Красивый секс","cat7": "Лесбиянки","cat8": "Смазливые","cat9": "Большая грудь","cat10": "Сочная попка","cat11": "В униформе","cat12": "Блондинки","cat13": "Брюнетки","cat14": "Рыжие","cat15": "Мулатки",
	  "actor": "Actor"
    },
    {
      "id": "5411e8a40eb09ec34a2a15f2",
      "name": "Film",
	  "img": "filles/imagesv/v46.png",
	  "time": "00:32:38",
	  "new": false,
	  "news": true,
	  "top": false,
	  "tops": true,
	  "cat1": "Классический","cat2": "Анал","cat3": "Минет","cat4": "Групповуха","cat5": "Сквиртинг","cat6": "Красивый секс","cat7": "Лесбиянки","cat8": "Смазливые","cat9": "Большая грудь","cat10": "Сочная попка","cat11": "В униформе","cat12": "Блондинки","cat13": "Брюнетки","cat14": "Рыжие","cat15": "Мулатки",
	  "actor": "Actor"
    },
    {
      "id": "5411e8a4a48b754136b6ebd6",
      "name": "Film",
	  "img": "filles/imagesv/v46.png",
	  "time": "00:32:38",
	  "new": false,
	  "news": true,
	  "top": false,
	  "tops": true,
	  "cat1": "Классический","cat2": "Анал","cat3": "Минет","cat4": "Групповуха","cat5": "Сквиртинг","cat6": "Красивый секс","cat7": "Лесбиянки","cat8": "Смазливые","cat9": "Большая грудь","cat10": "Сочная попка","cat11": "В униформе","cat12": "Блондинки","cat13": "Брюнетки","cat14": "Рыжие","cat15": "Мулатки",
	  "actor": "Actor"
    },
    {
      "id": "5411e8a4c3f32b5a424f3654",
      "name": "Film",
	  "img": "filles/imagesv/v46.png",
	  "time": "00:32:38",
	  "new": false,
	  "news": true,
	  "top": false,
	  "tops": true,
	  "cat1": "Классический","cat2": "Анал","cat3": "Минет","cat4": "Групповуха","cat5": "Сквиртинг","cat6": "Красивый секс","cat7": "Лесбиянки","cat8": "Смазливые","cat9": "Большая грудь","cat10": "Сочная попка","cat11": "В униформе","cat12": "Блондинки","cat13": "Брюнетки","cat14": "Рыжие","cat15": "Мулатки",
	  "actor": "Actor"
    },
    {
      "id": "5411e8a4da3103016ad055cf",
      "name": "Film",
	  "img": "filles/imagesv/v46.png",
	  "time": "00:32:38",
	  "new": false,
	  "news": true,
	  "top": false,
	  "tops": true,
	  "cat1": "Классический","cat2": "Анал","cat3": "Минет","cat4": "Групповуха","cat5": "Сквиртинг","cat6": "Красивый секс","cat7": "Лесбиянки","cat8": "Смазливые","cat9": "Большая грудь","cat10": "Сочная попка","cat11": "В униформе","cat12": "Блондинки","cat13": "Брюнетки","cat14": "Рыжие","cat15": "Мулатки",
	  "actor": "Actor"
    },
    {
      "id": "5411e8a41b47537e463e1a80",
      "name": "Film",
	  "img": "filles/imagesv/v46.png",
	  "time": "00:32:38",
	  "new": false,
	  "news": true,
	  "top": false,
	  "tops": true,
	  "cat1": "Классический","cat2": "Анал","cat3": "Минет","cat4": "Групповуха","cat5": "Сквиртинг","cat6": "Красивый секс","cat7": "Лесбиянки","cat8": "Смазливые","cat9": "Большая грудь","cat10": "Сочная попка","cat11": "В униформе","cat12": "Блондинки","cat13": "Брюнетки","cat14": "Рыжие","cat15": "Мулатки",
	  "actor": "Actor"
    },
    {
      "id": "5411e8a406e828908c45bfc7",
      "name": "Film",
	  "img": "filles/imagesv/v46.png",
	  "time": "00:32:38",
	  "new": false,
	  "news": true,
	  "top": false,
	  "tops": true,
	  "cat1": "Классический","cat2": "Анал","cat3": "Минет","cat4": "Групповуха","cat5": "Сквиртинг","cat6": "Красивый секс","cat7": "Лесбиянки","cat8": "Смазливые","cat9": "Большая грудь","cat10": "Сочная попка","cat11": "В униформе","cat12": "Блондинки","cat13": "Брюнетки","cat14": "Рыжие","cat15": "Мулатки",
	  "actor": "Actor"
    },
    {
      "id": "5411e8a47a4a9a4ea2ecccc1",
      "name": "Brazzerfgfgfgfs",
	  "img": "filles/imagesv/v46.png",
	  "time": "00:32:38",
	  "new": false,
	  "news": true,
	  "top": false,
	  "tops": true,
	  "cat1": "Классический","cat2": "Анал","cat3": "Минет","cat4": "Групповуха","cat5": "Сквиртинг","cat6": "Красивый секс","cat7": "Лесбиянки","cat8": "Смазливые","cat9": "Большая грудь","cat10": "Сочная попка","cat11": "В униформе","cat12": "Блондинки","cat13": "Брюнетки","cat14": "Рыжие","cat15": "Мулатки",
	  "actor": "Actor"
    },
    {
      "id": "5411e8a4eef083abaf02f02c",
      "name": "Film",
	  "img": "filles/imagesv/v46.png",
	  "time": "00:32:38",
	  "new": false,
	  "news": true,
	  "top": false,
	  "tops": true,
	  "cat1": "Классический","cat2": "Анал","cat3": "Минет","cat4": "Групповуха","cat5": "Сквиртинг","cat6": "Красивый секс","cat7": "Лесбиянки","cat8": "Смазливые","cat9": "Большая грудь","cat10": "Сочная попка","cat11": "В униформе","cat12": "Блондинки","cat13": "Брюнетки","cat14": "Рыжие","cat15": "Мулатки",
	  "actor": "Actor"
    },
    {
      "id": "5411e8a49a5c03eeaa9d440b",
      "name": "Film",
	  "img": "filles/imagesv/v46.png",
	  "time": "00:32:38",
	  "new": false,
	  "news": true,
	  "top": false,
	  "tops": true,
	  "cat1": "Классический","cat2": "Анал","cat3": "Минет","cat4": "Групповуха","cat5": "Сквиртинг","cat6": "Красивый секс","cat7": "Лесбиянки","cat8": "Смазливые","cat9": "Большая грудь","cat10": "Сочная попка","cat11": "В униформе","cat12": "Блондинки","cat13": "Брюнетки","cat14": "Рыжие","cat15": "Мулатки",
	  "actor": "Actor"
    },
    {
      "id": "5411e8a4128b10c770f4b7e9",
      "name": "Film",
	  "img": "filles/imagesv/v46.png",
	  "time": "00:32:38",
	  "new": false,
	  "news": false,
	  "top": false,
	  "tops": false,
	  "cat1": "Классический","cat2": "Анал","cat3": "Минет","cat4": "Групповуха","cat5": "Сквиртинг","cat6": "Красивый секс","cat7": "Лесбиянки","cat8": "Смазливые","cat9": "Большая грудь","cat10": "Сочная попка","cat11": "В униформе","cat12": "Блондинки","cat13": "Брюнетки","cat14": "Рыжие","cat15": "Мулатки",
	  "actor": "Actor"
    },
    {
      "id": "5411e8a4ab6a13284a9289a7",
      "name": "Film",
	  "img": "filles/imagesv/v46.png",
	  "time": "00:32:38",
	  "new": false,
	  "news": false,
	  "top": false,
	  "tops": false,
	  "cat1": "Классический","cat2": "Анал","cat3": "Минет","cat4": "Групповуха","cat5": "Сквиртинг","cat6": "Красивый секс","cat7": "Лесбиянки","cat8": "Смазливые","cat9": "Большая грудь","cat10": "Сочная попка","cat11": "В униформе","cat12": "Блондинки","cat13": "Брюнетки","cat14": "Рыжие","cat15": "Мулатки",
	  "actor": "Actor"
    },
    {
      "id": "5411e8a4eaed8117d0d8929e",
      "name": "Film",
	  "img": "filles/imagesv/v46.png",
	  "time": "00:32:38",
	  "new": false,
	  "news": false,
	  "top": false,
	  "tops": false,
	  "cat1": "Классический","cat2": "Анал","cat3": "Минет","cat4": "Групповуха","cat5": "Сквиртинг","cat6": "Красивый секс","cat7": "Лесбиянки","cat8": "Смазливые","cat9": "Большая грудь","cat10": "Сочная попка","cat11": "В униформе","cat12": "Блондинки","cat13": "Брюнетки","cat14": "Рыжие","cat15": "Мулатки",
	  "actor": "Actor"
    },
    {
      "id": "5411e8a43eb04568a7f4df24",
      "name": "Film",
	  "img": "filles/imagesv/v46.png",
	  "time": "00:32:38",
	  "new": false,
	  "news": false,
	  "top": false,
	  "tops": false,
	  "cat1": "Классический","cat2": "Анал","cat3": "Минет","cat4": "Групповуха","cat5": "Сквиртинг","cat6": "Красивый секс","cat7": "Лесбиянки","cat8": "Смазливые","cat9": "Большая грудь","cat10": "Сочная попка","cat11": "В униформе","cat12": "Блондинки","cat13": "Брюнетки","cat14": "Рыжие","cat15": "Мулатки",
	  "actor": "Actor"
    },
    {
      "id": "5411e8a452fe81a71472229f",
      "name": "Film",
	  "img": "filles/imagesv/v46.png",
	  "time": "00:32:38",
	  "new": false,
	  "news": false,
	  "top": false,
	  "tops": false,
	  "cat1": "Классический","cat2": "Анал","cat3": "Минет","cat4": "Групповуха","cat5": "Сквиртинг","cat6": "Красивый секс","cat7": "Лесбиянки","cat8": "Смазливые","cat9": "Большая грудь","cat10": "Сочная попка","cat11": "В униформе","cat12": "Блондинки","cat13": "Брюнетки","cat14": "Рыжие","cat15": "Мулатки",
	  "actor": "Actor"
    },
    {
      "id": "5411e8a42fac5f4997768998",
      "name": "Film",
	  "img": "filles/imagesv/v46.png",
	  "time": "00:32:38",
	  "new": false,
	  "news": false,
	  "top": false,
	  "tops": false,
	  "cat1": "Классический","cat2": "Анал","cat3": "Минет","cat4": "Групповуха","cat5": "Сквиртинг","cat6": "Красивый секс","cat7": "Лесбиянки","cat8": "Смазливые","cat9": "Большая грудь","cat10": "Сочная попка","cat11": "В униформе","cat12": "Блондинки","cat13": "Брюнетки","cat14": "Рыжие","cat15": "Мулатки",
	  "actor": "Actor"
    },
    {
      "id": "5411e8a49d17a2ffd9853d2d",
      "name": "Film",
	  "img": "filles/imagesv/v46.png",
	  "time": "00:32:38",
	  "new": false,
	  "news": false,
	  "top": false,
	  "tops": false,
	  "cat1": "Классический","cat2": "Анал","cat3": "Минет","cat4": "Групповуха","cat5": "Сквиртинг","cat6": "Красивый секс","cat7": "Лесбиянки","cat8": "Смазливые","cat9": "Большая грудь","cat10": "Сочная попка","cat11": "В униформе","cat12": "Блондинки","cat13": "Брюнетки","cat14": "Рыжие","cat15": "Мулатки",
	  "actor": "Actor"
    },
    {
      "id": "5411e8a4c405cd96d1fc43f2",
      "name": "Film",
	  "img": "filles/imagesv/v46.png",
	  "time": "00:32:38",
	  "new": false,
	  "news": false,
	  "top": false,
	  "tops": false,
	  "cat1": "Классический","cat2": "Анал","cat3": "Минет","cat4": "Групповуха","cat5": "Сквиртинг","cat6": "Красивый секс","cat7": "Лесбиянки","cat8": "Смазливые","cat9": "Большая грудь","cat10": "Сочная попка","cat11": "В униформе","cat12": "Блондинки","cat13": "Брюнетки","cat14": "Рыжие","cat15": "Мулатки",
	  "actor": "Actor"
    },
    {
      "id": "5411e8a4ea049c6b73fa7d49",
      "name": "Film",
	  "img": "filles/imagesv/v46.png",
	  "time": "00:32:38",
	  "new": false,
	  "news": false,
	  "top": false,
	  "tops": false,
	  "cat1": "Классический","cat2": "Анал","cat3": "Минет","cat4": "Групповуха","cat5": "Сквиртинг","cat6": "Красивый секс","cat7": "Лесбиянки","cat8": "Смазливые","cat9": "Большая грудь","cat10": "Сочная попка","cat11": "В униформе","cat12": "Блондинки","cat13": "Брюнетки","cat14": "Рыжие","cat15": "Мулатки",
	  "actor": "Actor"
    },
    {
      "id": "5411e8a402b71fa3eaddf804",
      "name": "Film",
	  "img": "filles/imagesv/v46.png",
	  "time": "00:32:38",
	  "new": false,
	  "news": false,
	  "top": false,
	  "tops": false,
	  "cat1": "Классический","cat2": "Анал","cat3": "Минет","cat4": "Групповуха","cat5": "Сквиртинг","cat6": "Красивый секс","cat7": "Лесбиянки","cat8": "Смазливые","cat9": "Большая грудь","cat10": "Сочная попка","cat11": "В униформе","cat12": "Блондинки","cat13": "Брюнетки","cat14": "Рыжие","cat15": "Мулатки",
	  "actor": "Actor"
    },
    {
      "id": "5411e8a491374c93285c1179",
      "name": "Film",
	  "img": "filles/imagesv/v46.png",
	  "time": "00:32:38",
	  "new": false,
	  "news": false,
	  "top": false,
	  "tops": false,
	  "cat1": "Классический","cat2": "Анал","cat3": "Минет","cat4": "Групповуха","cat5": "Сквиртинг","cat6": "Красивый секс","cat7": "Лесбиянки","cat8": "Смазливые","cat9": "Большая грудь","cat10": "Сочная попка","cat11": "В униформе","cat12": "Блондинки","cat13": "Брюнетки","cat14": "Рыжие","cat15": "Мулатки",
	  "actor": "Actor"
    },
    {
      "id": "5411e8a40b7629102c76a696",
      "name": "Film32423423",
	  "img": "filles/imagesv/v46.png",
	  "time": "00:32:38",
	  "new": false,
	  "news": false,
	  "top": false,
	  "tops": false,
	  "cat1": "Классический","cat2": "Анал","cat3": "Минет","cat4": "Групповуха","cat5": "Сквиртинг","cat6": "Красивый секс","cat7": "Лесбиянки","cat8": "Смазливые","cat9": "Большая грудь","cat10": "Сочная попка","cat11": "В униформе","cat12": "Блондинки","cat13": "Брюнетки","cat14": "Рыжие","cat15": "Мулатки",
	  "actor": "Actor"
    },
    {
      "id": "5411e8a4102f91a29e7ae2dd",
      "name": "Film",
	  "img": "filles/imagesv/v46.png",
	  "time": "00:32:38",
	  "new": false,
	  "news": false,
	  "top": false,
	  "tops": false,
	  "cat1": "Классический","cat2": "Анал","cat3": "Минет","cat4": "Групповуха","cat5": "Сквиртинг","cat6": "Красивый секс","cat7": "Лесбиянки","cat8": "Смазливые","cat9": "Большая грудь","cat10": "Сочная попка","cat11": "В униформе","cat12": "Блондинки","cat13": "Брюнетки","cat14": "Рыжие","cat15": "Мулатки",
	  "actor": "Actor"
    },
    {
      "id": "5411e8a4613590d57cba491f",
      "name": "Film",
	  "img": "filles/imagesv/v46.png",
	  "time": "00:32:38",
	  "new": false,
	  "news": false,
	  "top": false,
	  "tops": false,
	  "cat1": "Классический","cat2": "Анал","cat3": "Минет","cat4": "Групповуха","cat5": "Сквиртинг","cat6": "Красивый секс","cat7": "Лесбиянки","cat8": "Смазливые","cat9": "Большая грудь","cat10": "Сочная попка","cat11": "В униформе","cat12": "Блондинки","cat13": "Брюнетки","cat14": "Рыжие","cat15": "Мулатки",
	  "actor": "Actor"
    },
    {
      "id": "5411e8a47c6bbee6e6a87d55",
      "name": "Film",
	  "img": "filles/imagesv/v46.png",
	  "time": "00:32:38",
	  "new": false,
	  "news": false,
	  "top": false,
	  "tops": false,
	  "cat1": "Классический","cat2": "Анал","cat3": "Минет","cat4": "Групповуха","cat5": "Сквиртинг","cat6": "Красивый секс","cat7": "Лесбиянки","cat8": "Смазливые","cat9": "Большая грудь","cat10": "Сочная попка","cat11": "В униформе","cat12": "Блондинки","cat13": "Брюнетки","cat14": "Рыжие","cat15": "Мулатки",
	  "actor": "Actor"
    },
    {
      "id": "5411e8a46409e191a8b80cc7",
      "name": "Film",
	  "img": "filles/imagesv/v46.png",
	  "time": "00:32:38",
	  "new": false,
	  "news": false,
	  "top": false,
	  "tops": false,
	  "cat1": "Классический","cat2": "Анал","cat3": "Минет","cat4": "Групповуха","cat5": "Сквиртинг","cat6": "Красивый секс","cat7": "Лесбиянки","cat8": "Смазливые","cat9": "Большая грудь","cat10": "Сочная попка","cat11": "В униформе","cat12": "Блондинки","cat13": "Брюнетки","cat14": "Рыжие","cat15": "Мулатки",
	  "actor": "Actor"
    },
    {
      "id": "5411e8a4b6968c5d23dfc5be",
      "name": "Film",
	  "img": "filles/imagesv/v46.png",
	  "time": "00:32:38",
	  "new": false,
	  "news": false,
	  "top": false,
	  "tops": false,
	  "cat1": "Классический","cat2": "Анал","cat3": "Минет","cat4": "Групповуха","cat5": "Сквиртинг","cat6": "Красивый секс","cat7": "Лесбиянки","cat8": "Смазливые","cat9": "Большая грудь","cat10": "Сочная попка","cat11": "В униформе","cat12": "Блондинки","cat13": "Брюнетки","cat14": "Рыжие","cat15": "Мулатки",
	  "actor": "Actor"
    },
	{
      "id": "5411e8a4b6968c5d23dfc5bq",
      "name": "Film",
	  "img": "filles/imagesv/v46.png",
	  "time": "00:32:38",
	  "new": false,
	  "news": false,
	  "top": false,
	  "tops": false,
	  "cat1": "Классический","cat2": "Анал","cat3": "Минет","cat4": "Групповуха","cat5": "Сквиртинг","cat6": "Красивый секс","cat7": "Лесбиянки","cat8": "Смазливые","cat9": "Большая грудь","cat10": "Сочная попка","cat11": "В униформе","cat12": "Блондинки","cat13": "Брюнетки","cat14": "Рыжие","cat15": "Мулатки",
	  "actor": "Actor"
    },
	{
      "id": "5411e8a4b6968c5d23dfc5jq",
      "name": "Film",
	  "img": "filles/imagesv/v46.png",
	  "time": "00:32:38",
	  "new": false,
	  "news": false,
	  "top": false,
	  "tops": false,
	  "cat1": "Классический","cat2": "Анал","cat3": "Минет","cat4": "Групповуха","cat5": "Сквиртинг","cat6": "Красивый секс","cat7": "Лесбиянки","cat8": "Смазливые","cat9": "Большая грудь","cat10": "Сочная попка","cat11": "В униформе","cat12": "Блондинки","cat13": "Брюнетки","cat14": "Рыжие","cat15": "Мулатки",
	  "actor": "Actor"
    },
	{
      "id": "5411e8k4b6968c5d23dfc5jq",
      "name": "Film",
	  "img": "filles/imagesv/v46.png",
	  "time": "00:32:38",
	  "new": false,
	  "news": false,
	  "top": false,
	  "tops": false,
	  "cat1": "Классический","cat2": "Анал","cat3": "Минет","cat4": "Групповуха","cat5": "Сквиртинг","cat6": "Красивый секс","cat7": "Лесбиянки","cat8": "Смазливые","cat9": "Большая грудь","cat10": "Сочная попка","cat11": "В униформе","cat12": "Блондинки","cat13": "Брюнетки","cat14": "Рыжие","cat15": "Мулатки",
	  "actor": "Actor"
    },
	{
      "id": "5411e8a4b6968c5d23dfc5bk",
      "name": "Film",
	  "img": "filles/imagesv/v46.png",
	  "time": "00:32:38",
	  "new": false,
	  "news": false,
	  "top": false,
	  "tops": false,
	  "cat1": "Классический","cat2": "Анал","cat3": "Минет","cat4": "Групповуха","cat5": "Сквиртинг","cat6": "Красивый секс","cat7": "Лесбиянки","cat8": "Смазливые","cat9": "Большая грудь","cat10": "Сочная попка","cat11": "В униформе","cat12": "Блондинки","cat13": "Брюнетки","cat14": "Рыжие","cat15": "Мулатки",
	  "actor": "Actor"
    },
	{
      "id": "5411e8a4c7e3c12f387c6efb",
      "name": "Секс с мачехой",
	  "mdesc": "Когда парень рассматривал нижнее белье мачехи, она вошла в комнату и решила в очередной раз жестко трахнуть его.",
	  "img": "filles/imagesv/v46.png",
	  "time": "00:32:38",
	  "new": false,
	  "news": true,
	  "top": true,
	  "tops": true,
	  "cat1": "Классический","cat2": "Анал","cat3": "Минет","cat4": "Групповуха","cat5": "Сквиртинг","cat6": "Красивый секс","cat7": "Лесбиянки","cat8": "Смазливые","cat9": "Большая грудь","cat10": "Сочная попка","cat11": "В униформе","cat12": "Блондинки","cat13": "Брюнетки","cat14": "Рыжие","cat15": "Мулатки",
	  "actor": "Gia Dimarco"
    },
	{
      "id": "5411e8a437f97fd3642a7452",
      "name": "Трахнула ботаника в школьном туалете",
	  "mdesc": "Когда развратной шлюшке Катрине Джейд необходимо сделать домашнее задание по математике, кто сможет ей в этом помочь? Не кто иной...",
	  "img": "filles/imagesv/v46.png",
	  "time": "00:30:38",
	  "new": false,
	  "news": true,
	  "top": true,
	  "tops": true,
	  "cat1": "Классический","cat2": "Анал","cat3": "Минет","cat4": "Групповуха","cat5": "Сквиртинг","cat6": "Красивый секс","cat7": "Лесбиянки","cat8": "Смазливые","cat9": "Большая грудь","cat10": "Сочная попка","cat11": "В униформе","cat12": "Блондинки","cat13": "Брюнетки","cat14": "Рыжие","cat15": "Мулатки",
	  "actor": "Haley Wilde"
    },
	{
      "id": "5411e8a4b562fe1250cebc5e",
      "name": "Развратная ученица Пета Дженсен",
	  "mdesc": "Пета Дженсен это развратная ученица, состоящая в женском обществе, которая хочет показать свои большие титьки всему кампусу. Ее лучшая подружка...",
	  "img": "filles/imagesv/v46.png",
	  "time": "00:32:38",
	  "new": false,
	  "news": true,
	  "top": true,
	  "tops": true,
	  "cat1": "Классический","cat2": "Анал","cat3": "Минет","cat4": "Групповуха","cat5": "Сквиртинг","cat6": "Красивый секс","cat7": "Лесбиянки","cat8": "Смазливые","cat9": "Большая грудь","cat10": "Сочная попка","cat11": "В униформе","cat12": "Блондинки","cat13": "Брюнетки","cat14": "Рыжие","cat15": "Мулатки",
	  "actor": "Helly Mae Hellfire"
    },
    {
      "id": "5411e8a42ef735743bb9890f",
      "name": "Порно офицеры полиции",
	  "img": "filles/imagesv/v46.png",
	  "time": "00:32:38",
	  "new": true,
	  "news": true,
	  "top": false,
	  "tops": true,
	  "cat1": "Классический","cat2": "Анал","cat3": "Минет","cat4": "Групповуха","cat5": "Сквиртинг","cat6": "Красивый секс","cat7": "Лесбиянки","cat8": "Смазливые","cat9": "Большая грудь","cat10": "Сочная попка","cat11": "В униформе","cat12": "Блондинки","cat13": "Брюнетки","cat14": "Рыжие","cat15": "Мулатки",
	  "actor": "Actor"
    }
  ]
}