{
	"img1": "images/thumbnails/01.jpg",
	"img2": "images/thumbnails/18.jpg",
	"img3": "images/thumbnails/07.jpg",
	"title": "Стройка",
	"titled": "Стройка в Варшаве (Арматурщик)",
	"textj1": "Если вы имеете определённые навыки, квалификацию и опыт в строительной сфере, то у вас наверняка успешно получится работать  в Варшаве на строительстве разнообразных объектов: жилых домов, торговых центров, предприятий арматурщиком, бетонщиком, опалубщиком.",
	"textj2": "Стремительное развитие польского строительного рынка и нехватка специалистов среди местного населения требует постоянного привлечения работников строительных специальностей из стран СНГ (Украина, Беларусь). В последнее время особый спрос на специалистов на сборку и разборку съемной опалубкт для железобетонных конструкций, монолитчиков, и вязальщиков арматурных каркасов с умением разбираться в чертежах.",
	"text1": "Обязанности:",
	"text2": "- Более важен опыт, чем образование. Гибка прутьев на станке и резка прутьев.",
	"text3": "- Сборка прутьев и стремян в соответствии с техническим чертежом с помощью клещей (щипцов, НЕ КРЮЧКОМ). Арматурщик занимается разборкой и сборкой необходимых частей и элементов для проведения кузовных и покрасочных работ.",
	"text4": "- Среди его обязанностей снятие-установка бамперов, фар, разборка-сборка дверных панелей, снятие-установка лючка бензобака для проведения колеровочных работ, наклейка молдингов, эмблем и страйпов.",
	"text5": "Арматурщик  должен знать:",
	"text6": "- способы применения такелажных приспособлений и механизмов для монтажа арматуры, армоконструкций и предварительного напряжения арматуры всех видов;",
	"text7": "- разметку расположения в шаблоне или в кондукторе и выверку по чертежам и эскизам стержней, простых сеток и плоских каркасов;",
	"text8": "- правила подготовки арматуры под сварку, в том числе ванным способом.",
	"text9": "ФУНКЦИОНАЛЬНЫЕ ОБЯЗАННОСТИ",
	"text10": "Арматурщик  осуществляет выполнение работ средней сложности при изготовлении и монтаже арматуры и армоконструкций.",
	"text11": "Гнутье арматурной стали на ручных и приводных станках при количестве отгибов на одном стержне более четырех.",
	"text12": "Сборка и монтаж простых сеток и плоских каркасов весом более 100 кг и двойных сеток весом до 150 кг.",
	"text13": "Установка арматуры из отдельных стержней в массивах, подколенниках, колоннах, стенах и перегородках.",
	"text14": "Предварительное натяжение арматурных стержней и пучков колонн.",
	"text15": "Установка анкерных болтов и закладных деталей в конструкции средней сложности.",
	"text16": "Выверка установленных сеток и каркасов.",
	"text17": "Разделка арматурных выпусков для ванно-шовной сварки.",
	"text18": "ПРАВА Арматурщика на объекте",
	"text19": "Арматурщик имеет право:",
	"text20": "Запрашивать и получать необходимые материалы и документы, относящиеся к вопросам деятельности арматурщика.",
	"text21": "ОТВЕТСТВЕННОСТЬ",
	"text22": "Арматурщик  несет ответственность за:",
	"text23": "Необеспечение выполнения своих функциональных обязанностей.",
	"text24": "Недостоверную информацию о состоянии выполнения работы.",
	"text25": "Невыполнение приказов, распоряжений и поручений руководителя Организации.",
	"text26": "Непринятие мер по пресечению выявленных нарушений правил техники безопасности, противопожарных и других правил, создающих угрозу деятельности предприятия.",
	"text27": "Необеспечение соблюдения трудовой дисциплины.",
	"text28": "Требования:",
	"text29": "Работа в Варшаве на монолите довольно тяжёлая физически, поэтому в основном набирают молодых здоровых мужчин в возрасте от 25ти до 45ти лет. Знание польского языка (приветствуется). Необходима справка  от врача о состоянии здоровья, можно приезжать со справкой, выданной в Украине. В Варшаве обязательно наличие Санэпидкнижки.",
	"text30": "График роботы:",
	"text31": "На стройке в Варшаве шестидневная рабочая неделя с продолжительностью: смена дневная 7-18 часов или смены 10-12 часов (280ч /месяц-300ч /месяц).",
	"text32": "Часто бывают сверхурочные выходы (оплачиваются дополнительно по более высокому тарифу)",
	"text33": "Зарплата:",
	"text34": "Официальное оформление.",
	"text35": "Выплата авансов по необходимости.",
	"text36": "средняя зарплата арматурщика — от  12 -25 зл./час;",
	"text37": "зарплата бетонщика/монолитчика  — от 15 злотых/час;",
	"text38": "зарплата опалубщика в Польше — от 15 злотых в час.",
	"text39": "Разрешение на работу:",
	"text40": "Рабочая виза категории D оформляется на основании приглашения от работодателя и дает право пребывать и работать в Польше на протяжении 180 дней. Виза D не даёт права работать в других странах ЕС з 2017 года согласно разрешения КРС при условных договорных отношений. При желании, еть возможность продлить визу и разрешение на работу без выезда из страны.",
	"text41": "Проживание:",
	"text42": "Бесплатное, согласно нормальных норм проживания без пьянок и драк (одно нарушение оплата осуществляется работником за свой счет от 350-450 злотовок).",
	"text43": "Комфортное, 4 человека в комнате, все условия, Интернет (фото прилагается). Постельное белье стирается и выдается каждую неделю.",
	"text44": "Имеется стиралка самообслуживание или есть вариант за 5 злотовок и работница хостела выстирает и выгладит всю одежду.",
	"text45": "Дополнительно:",
	"text46": "Новоприбывших встречают на вокзале и связь при пересечение границы с менеджером Польши, который сопровождает работника и встречает.",
	"text47": "Легальное трудоустройство.",
	"text48": "Страховка, больничные.",
	"text49": "Работа круглый год.",
	"img_1": "images/thumbnails/08.jpg",
	"img_2": "images/thumbnails/09.jpg",
	"img_3": "images/thumbnails/11.jpg",
	"img_4": "images/thumbnails/16.png",
	"img_5": "images/thumbnails/14.jpg",
	"img_6": "images/thumbnails/15.jpg",
	"lang1": "125",
	"lang2": "125",
	"lang3": "125",
	"lang4": "125",
	"lang5": "125",
	"lang6": "125",
	"lang7": "125"
}