{
	"img1": "images/thumbnails/95.jpg",
	"img2": "images/thumbnails/96.jpg",
	"img3": "images/thumbnails/97.jpg",
	"title": "Крановщик",
	"titled": "Крановщик (г. Люблин, Польша)",
	"textj1": "",
	"textj2": "",
	"text1": "Ваши задачи и обязанности:",
	"text2": "- Работа (5-6 дней в неделю, 10-12 часов в день)",
	"text3": "- Перед началом работы выполняется осмотр крана и необходимое ежедневное  техническое обслуживание.",
	"text4": "- Умение разбираться в самых простых чертежах и схемах, использовавать технику безопасности и противопожарную технику при работах.",
	"text5": "Ваши навыки и опыт:",
	"text6": "- Более важен опыт работы водителем-крановщиком на высоте до 3 м, (иметь  опыт работы  на стройке обязательно).",
	"text7": "- Знание польского языка обязательно, для понимания  выполнения задач.",
	"text8": "- Умение управлять краном",
	"text9": "Зарплата:",
	"text10": "16 злотых в час (Нетто)",
	"text11": "Выплата «ЗП» выполняется с 10 по 15 число каждого месяца после закрытия актов выполненных работ .",
	"text18": "Требования:",
	"text19": "- Необходима справка от врача «психолога» и санитарная книжка (о состояния здоровья) можно приезжать со справкой выданной  на  Украине.",
	"text20": "- Без вредных привычек",
	"text21": "Мы Вам предлагаем:",
	"text22": "Проживание:  бесплатное  (за счет работодателя)  «снимаются квартиры для жилья»  фотографии жилья  будут доступны.",
	"text23": "Стабильную работу на основе трудового договора + премия в зависимости от результатов роботы",
	"text24": "Необходимые инструменты для работы",
	"text25": "Новоприбывших встречают на вокзале, связь при пересечении границы  с менеджером  «Merkury Polska», который  будет вас сопровождать до места работы.",
	"text26": "Страховку, больничные",
	"text49": "Проживание",
	"img_1": "images/thumbnails/73.jpg",
	"img_2": "images/thumbnails/74.jpg",
	"img_3": "images/thumbnails/75.jpg",
	"img_4": "images/thumbnails/76.jpg",
	"img_5": "images/thumbnails/77.jpg",
	"img_6": "images/thumbnails/78.jpg",
	"lang1": "125",
	"lang2": "125",
	"lang3": "125",
	"lang4": "125",
	"lang5": "125",
	"lang6": "125",
	"lang7": "125"
}