<?xml version="1.0" encoding="utf-8"?>
<SystemInformation><System><TimeStamp>20170414T191602.908+02:00</TimeStamp><device0 name="processor"><property0 name="clockspeed">3288</property0><property1 name="clockspeed.units">MHz</property1><property2 name="family">6</property2><property3 name="model">58</property3><property4 name="name">        Intel(R) Core(TM) i3-3220 CPU @ 3.30GHz</property4><property5 name="numcores">2</property5><property6 name="numprocessors">1</property6><property7 name="stepping">9</property7></device0><device1 name="storage"><property0 name="filesystem">NTFS</property0><property1 name="letter">C:\</property1><property2 name="model">WDC WD10EZEX-08M2NA0 ATA Device</property2><property3 name="name"/><property4 name="shellType">Локальный диск</property4><property5 name="space.free">88972312576</property5><property6 name="space.total">157673320448</property6><property7 name="type">Local Disk</property7></device1><device2 name="storage"><property0 name="filesystem">NTFS</property0><property1 name="letter">D:\</property1><property2 name="model">WDC WD10EZEX-08M2NA0 ATA Device</property2><property3 name="name"/><property4 name="shellType">Локальный диск</property4><property5 name="space.free">322039402496</property5><property6 name="space.total">842004426752</property6><property7 name="type">Local Disk</property7></device2><device3 name="storage"><property0 name="filesystem"/><property1 name="letter">E:\</property1><property2 name="model">HL-DT-ST DVDRAM GH24NS95 ATA Device</property2><property3 name="name"/><property4 name="shellType">CD-дисковод</property4><property5 name="space.free">0</property5><property6 name="space.total">0</property6><property7 name="type">CD/DVD Drive</property7></device3><device4 name="memory"><property0 name="pagefile.avail">17419075584</property0><property1 name="pagefile.total">20327448576</property1><property2 name="pagefile.used">2908372992</property2><property3 name="physical.avail">7441444864</property3><property4 name="physical.load">26</property4><property5 name="physical.load.units">%</property5><property6 name="physical.total">10164895744</property6><property7 name="physical.used">2723229696</property7><property8 name="virtual.avail">2020155392</property8><property9 name="virtual.total">2147352576</property9><property10 name="virtual.used">127197184</property10></device4><device5 name="display"><property0 name="bpp">32</property0><property1 name="driver.distversion">9.18.13.5012</property1><property2 name="driver.friendlyversion"/><property3 name="driver.name">nvd3dumx.dll,nvwgf2umx.dll,nvwgf2umx.dll,nvd3dum,nvwgf2um,nvwgf2um</property3><property4 name="driver.version">9.18.13.5012</property4><property5 name="height">1024</property5><property6 name="monitor">Универсальный монитор PnP</property6><property7 name="name">NVIDIA GeForce GTX 650 Ti </property7><property8 name="refresh">60</property8><property9 name="refresh.units">Hz</property9><property10 name="resolutions">1024 x 768 x 60;1024 x 768 x 75;1152 x 864 x 60;1152 x 864 x 75;1280 x 1024 x 60;1280 x 1024 x 75;1280 x 720 x 60;1280 x 720 x 75;1280 x 768 x 60;1280 x 768 x 75;1280 x 800 x 60;1280 x 800 x 75;1280 x 960 x 60;1280 x 960 x 75;640 x 480 x 60;640 x 480 x 75;720 x 480 x 60;720 x 480 x 75;720 x 576 x 60;720 x 576 x 75;800 x 600 x 60;800 x 600 x 75</property10><property11 name="vendor">NVIDIA</property11><property12 name="vram">1073741824</property12><property13 name="vram.desc">4045 MB</property13><property14 name="vram.units">B</property14><property15 name="width">1280</property15></device5><device6 name="sound"><property0 name="driver.name">HdAudio.sys</property0><property1 name="driver.version">6.1.7601.17514</property1><property2 name="name">Динамики (Устройство с поддержкой High Definition Audio)</property2><property3 name="vendor">Microsoft</property3></device6><device7 name="sound"><property0 name="driver.name">HdAudio.sys</property0><property1 name="driver.version">6.1.7601.17514</property1><property2 name="name">Цифровое аудио (HDMI) (Устройство с поддержкой High Definition Audio)</property2><property3 name="vendor">Microsoft</property3></device7><device8 name="speaker"><property0 name="configuration">Настольные стереодинамики</property0></device8><device9 name="network"><property0 name="description">Realtek PCIe GBE Family Controller</property0><property1 name="dhcp.enabled">true</property1><property2 name="dhcp.server">77.121.12.21</property2><property3 name="gateway">93.79.67.1</property3><property4 name="ip.address">93.79.67.67</property4><property5 name="ip.mask">255.255.255.0</property5><property6 name="name">{3147EB42-029A-4287-AB62-CF0ACD4CC5C0}</property6><property7 name="type">Ethernet</property7><property8 name="wins.enabled">false</property8><property9 name="wins.primary"/><property10 name="wins.secondary"/></device9><device10 name="windows"><property0 name="buildNumber">7601</property0><property1 name="buildType">Multiprocessor Free</property1><property2 name="caption">Microsoft Windows 7 Максимальная </property2><property3 name="codeSet">1251</property3><property4 name="countryCode">7</property4><property5 name="csdVersion">Service Pack 1</property5><property6 name="defaultSystemCountryCode">RU</property6><property7 name="defaultSystemCountryName">Russia</property7><property8 name="defaultSystemLanguageCode">ru</property8><property9 name="defaultSystemLanguageID">0419</property9><property10 name="defaultSystemLanguageName">Russian</property10><property11 name="defaultUserCountryCode">RU</property11><property12 name="defaultUserCountryName">Russia</property12><property13 name="defaultUserLanguageCode">ru</property13><property14 name="defaultUserLanguageID">0419</property14><property15 name="defaultUserLanguageName">Russian</property15><property16 name="locale">0419</property16><property17 name="osLanguage">1049</property17><property18 name="osType">18</property18><property19 name="productType">1</property19><property20 name="servicePackMajorVersion">1</property20><property21 name="servicePackMinorVersion">0</property21><property22 name="userIsAdmin">true</property22><property23 name="version">6.1.7601</property23></device10><device11 name="directx"><property0 name="description">DirectX 10.0  (Mar2009) or later</property0><property1 name="version">0.0.0.0</property1></device11></System></SystemInformation>
