<?xml version="1.0" encoding="UTF-8"?>

<rage__ControlInput__ControlSettings>
  <Mappings>
    <Item>
      <Input>INPUT_SPECIAL_ABILITY_PC</Input>
      <Source>IOMS_MOUSE_BUTTON</Source>
      <Parameters>
        <Item>MOUSE_EXTRABTN2</Item>
      </Parameters>
    </Item>
    <Item>
      <Input>INPUT_AIM</Input>
      <Source>IOMS_KEYBOARD</Source>
      <Parameters>
        <Item>KEY_SUBTRACT</Item>
      </Parameters>
    </Item>
    <Item>
      <Input>INPUT_AIM</Input>
      <Source>IOMS_MOUSE_BUTTON</Source>
      <Parameters>
        <Item>MOUSE_RIGHT</Item>
      </Parameters>
    </Item>
    <Item>
      <Input>INPUT_COVER</Input>
      <Source>IOMS_KEYBOARD</Source>
      <Parameters>
        <Item>KEY_DECIMAL</Item>
      </Parameters>
    </Item>
    <Item>
      <Input>INPUT_COVER</Input>
      <Source>IOMS_KEYBOARD</Source>
      <Parameters>
        <Item>KEY_Q</Item>
      </Parameters>
    </Item>
    <Item>
      <Input>INPUT_VEH_FLY_PITCH_UP_ONLY</Input>
      <Source>IOMS_KEYBOARD</Source>
      <Parameters>
        <Item>KEY_NUMPAD5</Item>
      </Parameters>
    </Item>
    <Item>
      <Input>INPUT_VEH_FLY_PITCH_DOWN_ONLY</Input>
      <Source>IOMS_KEYBOARD</Source>
      <Parameters>
        <Item>KEY_NUMPAD8</Item>
      </Parameters>
    </Item>
    <Item>
      <Input>INPUT_CELLPHONE_OPTION</Input>
      <Source>IOMS_KEYBOARD</Source>
      <Parameters>
        <Item>KEY_L</Item>
      </Parameters>
    </Item>
  </Mappings>
</rage__ControlInput__ControlSettings>