{
  "type": "menu",
  "currency": "$",
  "products": [
	{
		"title": "Комната 1",
		"img": "images/1.jpg"
	},
	{
		"title": "Комната 2",
		"img": "images/2.jpg"
	},
	{
		"title": "Комната 3",
		"img": "images/3.jpg"
	},
	{
		"title": "Комната 4",
		"img": "images/4.jpg"
	},
	{
		"title": "Комната 5",
		"img": "images/5.jpg"
	},
	{
		"title": "Комната 6",
		"img": "images/6.jpg"
	},
	{
		"title": "Комната 7",
		"img": "images/7.jpg"
	},
	{
		"title": "Комната 8",
		"img": "images/8.jpg"
	},
	{
		"title": "Комната 9",
		"img": "images/9.jpg"
	},
	{
		"title": "Комната 10",
		"img": "images/10.jpg"
	},
	{
		"title": "Комната 11",
		"img": "images/11.jpg"
	},
	{
		"title": "Комната 12",
		"img": "images/12.jpg"
	},
	{
		"title": "Комната 13",
		"img": "images/13.jpg"
	},
	{
		"title": "Комната 14",
		"img": "images/14.jpg"
	},
	{
		"title": "Комната 15",
		"img": "images/15.jpg"
	},
	{
		"title": "Комната 16",
		"img": "images/16.jpg"
	},
	{
		"title": "Комната 17",
		"img": "images/17.jpg"
	},
	{
		"title": "Комната 18",
		"img": "images/18.jpg"
	},
	{
		"title": "Комната 19",
		"img": "images/19.jpg"
	},
	{
		"title": "Комната 20",
		"img": "images/20.jpg"
	},
	{
		"title": "Комната 21",
		"img": "images/21.jpg"
	},
	{
		"title": "Комната 22",
		"img": "images/22.jpg"
	},
	{
		"title": "Комната 23",
		"img": "images/23.jpg"
	},
	{
		"title": "Комната 24",
		"img": "images/24.jpg"
	},
	{
		"title": "Комната 25",
		"img": "images/25.jpg"
	},
	{
		"title": "Комната 26",
		"img": "images/1.jpg"
	},
	{
		"title": "Комната 27",
		"img": "images/2.jpg"
	},
	{
		"title": "Комната 28",
		"img": "images/3.jpg"
	},
	{
		"title": "Комната 29",
		"img": "images/4.jpg"
	},
	{
		"title": "Комната 30",
		"img": "images/5.jpg"
	},
	{
		"title": "Комната 31",
		"img": "images/6.jpg"
	},
	{
		"title": "Комната 32",
		"img": "images/7.jpg"
	},
	{
		"title": "Комната 33",
		"img": "images/8.jpg"
	},
	{
		"title": "Комната 34",
		"img": "images/9.jpg"
	},
	{
		"title": "Комната 35",
		"img": "images/10.jpg"
	},
	{
		"title": "Комната 36",
		"img": "images/11.jpg"
	},
	{
		"title": "Комната 37",
		"img": "images/12.jpg"
	},
	{
		"title": "Комната 38",
		"img": "images/13.jpg"
	},
	{
		"title": "Комната 39",
		"img": "images/14.jpg"
	},
	{
		"title": "Комната 40",
		"img": "images/15.jpg"
	},
	{
		"title": "Комната 41",
		"img": "images/16.jpg"
	},
	{
		"title": "Комната 42",
		"img": "images/17.jpg"
	}
]
}